acceleration_x,acceleration_y,acceleration_z,gyroscope_x,gyroscope_y,gyroscope_z,timestamp,label
-3430,219,503,-4486,-3329,1123,2025-01-29 11:31:40.790738,walking
-3275,196,716,-4335,-3411,1605,2025-01-29 11:31:40.821942,walking
-3082,100,931,-4591,-3835,1810,2025-01-29 11:31:40.821942,walking
-2983,37,1176,-5241,-3782,1996,2025-01-29 11:31:40.853112,walking
-2988,-116,1363,-5782,-2805,2499,2025-01-29 11:31:40.853112,walking
-3246,-272,1512,-6251,-1788,3309,2025-01-29 11:31:40.884333,walking
-3652,-427,1448,-6580,-1499,3697,2025-01-29 11:31:40.899956,walking
-3939,-471,1259,-6714,-1709,3225,2025-01-29 11:31:40.915593,walking
-3926,-464,1008,-6220,-2077,2247,2025-01-29 11:31:40.931207,walking
-3710,-359,868,-5696,-1132,1544,2025-01-29 11:31:40.946844,walking
-3462,-172,707,-5214,746,1633,2025-01-29 11:31:40.962463,walking
-3416,53,836,-4629,1797,2357,2025-01-29 11:31:40.978085,walking
-3655,347,1251,-4389,1718,2952,2025-01-29 11:31:40.993710,walking
-4021,582,1743,-5148,1753,3191,2025-01-29 11:31:41.009338,walking
-4905,887,1923,-7056,2049,2591,2025-01-29 11:31:41.025043,walking
-5577,937,1428,-7998,1781,1088,2025-01-29 11:31:41.040621,walking
-5713,797,623,-7563,2060,-1137,2025-01-29 11:31:41.056236,walking
-5150,397,236,-6826,1451,-2831,2025-01-29 11:31:41.079350,walking
-3799,-31,336,-7206,-205,-2989,2025-01-29 11:31:41.087875,walking
-2432,-355,645,-8587,-635,-1175,2025-01-29 11:31:41.103532,walking
-1591,-362,858,-10193,177,1328,2025-01-29 11:31:41.119147,walking
-1435,55,694,-11467,1375,3584,2025-01-29 11:31:41.134775,walking
-2170,753,195,-11757,3115,4920,2025-01-29 11:31:41.166014,walking
-2927,1265,-209,-10791,4282,5479,2025-01-29 11:31:41.166014,walking
-3939,1860,-396,-8454,4849,6128,2025-01-29 11:31:41.197288,walking
-4962,2211,-97,-6892,4120,5898,2025-01-29 11:31:41.212899,walking
-5773,2147,481,-7542,2413,3836,2025-01-29 11:31:41.228517,walking
-5832,1531,826,-9830,-1140,487,2025-01-29 11:31:41.244148,walking
-4957,868,741,-11327,-3915,-1302,2025-01-29 11:31:41.259765,walking
-3987,319,507,-11829,-4022,-1073,2025-01-29 11:31:41.275422,walking
-3325,-38,261,-11442,-2132,592,2025-01-29 11:31:41.291071,walking
-2918,-187,218,-10474,-448,2279,2025-01-29 11:31:41.306666,walking
-2798,-135,235,-9496,-336,3364,2025-01-29 11:31:41.337915,walking
-2765,14,383,-9077,-136,3879,2025-01-29 11:31:41.337915,walking
-2728,262,518,-8743,1785,4458,2025-01-29 11:31:41.353519,walking
-3136,382,608,-8248,3495,5434,2025-01-29 11:31:41.369144,walking
-3708,520,695,-8000,4004,5880,2025-01-29 11:31:41.394594,walking
-4209,556,687,-8030,4043,5259,2025-01-29 11:31:41.400630,walking
-4518,566,690,-7929,3559,3652,2025-01-29 11:31:41.431909,walking
-4503,510,717,-7712,2398,2423,2025-01-29 11:31:41.447535,walking
-4194,417,633,-7327,103,1934,2025-01-29 11:31:41.463194,walking
-3902,333,505,-6851,-1364,1929,2025-01-29 11:31:41.478783,walking
-3775,352,445,-6317,-1579,1863,2025-01-29 11:31:41.494445,walking
-3719,488,498,-5958,-1678,1455,2025-01-29 11:31:41.510035,walking
-3685,638,584,-5683,-2024,725,2025-01-29 11:31:41.525772,walking
-3512,692,799,-5352,-1968,-201,2025-01-29 11:31:41.541355,walking
-3292,505,847,-4962,-1493,-819,2025-01-29 11:31:41.556937,walking
-3048,222,746,-4107,-764,-882,2025-01-29 11:31:41.572565,walking
-2883,-66,647,-3197,-53,-579,2025-01-29 11:31:41.588613,walking
-2898,-248,579,-2498,612,-54,2025-01-29 11:31:41.604250,walking
-3068,-252,709,-2130,1560,337,2025-01-29 11:31:41.619872,walking
-3332,-27,873,-2318,2513,345,2025-01-29 11:31:41.635497,walking
-3394,324,1015,-2935,2592,285,2025-01-29 11:31:41.651157,walking
-3413,677,1210,-3732,1602,482,2025-01-29 11:31:41.682378,walking
-3552,872,1333,-4095,962,897,2025-01-29 11:31:41.682378,walking
-3842,773,1407,-4051,1433,946,2025-01-29 11:31:41.698004,walking
-4106,340,1435,-3751,2240,131,2025-01-29 11:31:41.729265,walking
-4206,-94,1300,-3216,2450,-1032,2025-01-29 11:31:41.744880,walking
-4109,-467,1091,-2214,2878,-2044,2025-01-29 11:31:41.744880,walking
-3905,-782,899,-752,3940,-2216,2025-01-29 11:31:41.760508,walking
-3864,-830,946,830,3793,-1386,2025-01-29 11:31:41.791792,walking
-4025,-636,1159,1675,2116,-525,2025-01-29 11:31:41.807403,walking
-3996,-175,1439,1843,754,-152,2025-01-29 11:31:41.823012,walking
-3911,375,1664,1358,962,-135,2025-01-29 11:31:41.838622,walking
-3819,679,1683,493,2105,-450,2025-01-29 11:31:41.854281,walking
-3612,885,1612,-420,3266,-1015,2025-01-29 11:31:41.869905,walking
-3432,764,1283,-923,4077,-1318,2025-01-29 11:31:41.885504,walking
-3327,525,926,-1211,5233,-1510,2025-01-29 11:31:41.901166,walking
-3390,296,602,-1160,4884,-1667,2025-01-29 11:31:41.916754,walking
-3373,106,531,-865,2711,-1456,2025-01-29 11:31:41.932379,walking
-3284,57,781,-489,935,-1006,2025-01-29 11:31:41.948586,walking
-3214,70,974,-514,1101,-1086,2025-01-29 11:31:41.964094,walking
-3231,48,1209,-534,2154,-1266,2025-01-29 11:31:41.979759,walking
-3631,273,1319,-1060,2265,129,2025-01-29 11:31:41.995369,walking
-4337,751,1013,-3423,2441,1986,2025-01-29 11:31:42.010990,walking
-4910,1421,444,-7277,2525,3309,2025-01-29 11:31:42.026611,walking
-5235,1999,10,-10124,784,4500,2025-01-29 11:31:42.042256,walking
-5178,2275,-128,-11043,-1466,4465,2025-01-29 11:31:42.057882,walking
-4855,1761,-78,-10872,-2742,1984,2025-01-29 11:31:42.080020,walking
-4150,793,-157,-10355,-3179,-1306,2025-01-29 11:31:42.105173,walking
-3525,-112,-439,-8980,-3622,-3343,2025-01-29 11:31:42.120824,walking
-2948,-870,-828,-6631,-3744,-4084,2025-01-29 11:31:42.136437,walking
-2621,-1342,-1093,-4145,-2932,-3216,2025-01-29 11:31:42.152124,walking
-2476,-1234,-775,-2444,-796,100,2025-01-29 11:31:42.167672,walking
-3040,-559,-89,-2118,891,3758,2025-01-29 11:31:42.183294,walking
-3959,244,594,-2550,551,6328,2025-01-29 11:31:42.198921,walking
-4932,1023,1520,-3922,-1221,6369,2025-01-29 11:31:42.214546,walking
-5694,1477,1464,-5804,-2382,3496,2025-01-29 11:31:42.230178,walking
-5420,1440,1182,-7496,-1692,-1049,2025-01-29 11:31:42.245797,walking
-4761,1046,604,-8406,-1946,-3896,2025-01-29 11:31:42.261425,walking
-3863,517,286,-8726,-2520,-4298,2025-01-29 11:31:42.277052,walking
-3123,153,226,-8721,-1909,-3509,2025-01-29 11:31:42.292767,walking
-2578,-103,372,-8746,-706,-2111,2025-01-29 11:31:42.308294,
-2351,-189,368,-8971,426,-532,2025-01-29 11:31:42.323929,walking
-2415,-145,287,-9261,1580,1151,2025-01-29 11:31:42.355181,walking
-2821,-42,272,-9205,2565,2125,2025-01-29 11:31:42.370794,walking
-3525,2,360,-8912,2333,2782,2025-01-29 11:31:42.386447,walking
-4132,-27,426,-8707,1127,2868,2025-01-29 11:31:42.402146,walking
-4515,-85,609,-8915,2,2315,2025-01-29 11:31:42.417685,walking
-4671,-161,662,-9362,-977,1436,2025-01-29 11:31:42.433294,walking
-4429,-237,580,-9700,-1962,639,2025-01-29 11:31:42.464563,walking
-3994,-305,436,-9765,-2884,292,2025-01-29 11:31:42.464563,walking
-3310,-350,355,-9267,-2490,628,2025-01-29 11:31:42.480186,walking
-3147,-299,427,-8798,-1500,1381,2025-01-29 11:31:42.495799,walking
-3078,-208,471,-8527,-735,2212,2025-01-29 11:31:42.511434,walking
-3279,-117,525,-8701,-199,2860,2025-01-29 11:31:42.533704,walking
-3561,53,642,-9092,54,3344,2025-01-29 11:31:42.542734,walking
-3947,195,849,-9504,-639,3594,2025-01-29 11:31:42.558441,walking
-4185,276,899,-9985,-1434,3288,2025-01-29 11:31:42.574021,walking
-4159,188,945,-10855,-1658,2503,2025-01-29 11:31:42.589872,walking
-3924,1,827,-11602,-1582,1905,2025-01-29 11:31:42.605547,walking
-3691,-172,790,-11807,-1332,1851,2025-01-29 11:31:42.621137,walking
-3449,-250,794,-11632,-748,2217,2025-01-29 11:31:42.636765,walking
-3252,-225,813,-11295,658,2792,2025-01-29 11:31:42.668017,walking
-3320,-92,931,-11293,1925,3416,2025-01-29 11:31:42.668017,walking
-3584,52,1034,-11747,2344,3977,2025-01-29 11:31:42.683650,walking
-3805,186,1068,-12200,2442,4245,2025-01-29 11:31:42.699267,walking
-4032,259,1156,-12673,2500,4329,2025-01-29 11:31:42.730529,walking
-4194,292,1124,-13026,2109,4347,2025-01-29 11:31:42.777740,walking
-4199,172,1031,-13338,1625,4233,2025-01-29 11:31:42.777740,walking
-3975,-28,972,-13594,1419,4145,2025-01-29 11:31:42.777740,walking
-3723,-153,809,-13742,1714,4237,2025-01-29 11:31:42.793362,walking
-3463,-148,490,-13544,3164,4449,2025-01-29 11:31:42.809019,walking
-3504,107,154,-13134,4483,4782,2025-01-29 11:31:42.824638,walking
-3836,439,-160,-12795,4256,4689,2025-01-29 11:31:42.840241,walking
-4007,814,-348,-12715,3429,4201,2025-01-29 11:31:42.855886,walking
-3847,1294,-223,-12939,3364,4040,2025-01-29 11:31:42.871501,walking
-3780,1680,-124,-14202,2661,4388,2025-01-29 11:31:42.887123,walking
-3784,1812,-34,-16283,1154,4323,2025-01-29 11:31:42.902761,walking
-3722,1580,-229,-18259,670,3136,2025-01-29 11:31:42.918368,walking
-3675,1190,-321,-19262,700,1479,2025-01-29 11:31:42.933987,walking
-3616,758,-338,-19702,803,810,2025-01-29 11:31:42.949617,walking
-3615,326,-356,-19440,1379,1388,2025-01-29 11:31:42.965242,walking
-3868,-146,-304,-18144,1103,3161,2025-01-29 11:31:42.996878,walking
-4212,-342,-46,-16333,-536,4843,2025-01-29 11:31:42.996878,walking
-4786,-306,391,-14633,-2211,5878,2025-01-29 11:31:43.012528,walking
-5149,-151,661,-13849,-1963,5087,2025-01-29 11:31:43.028145,walking
-4913,27,475,-13375,-516,3400,2025-01-29 11:31:43.043768,walking
-4327,138,196,-12415,-110,2525,2025-01-29 11:31:43.080555,walking
-3267,227,52,-11247,-221,2799,2025-01-29 11:31:43.091068,walking
-2662,338,383,-10399,368,3916,2025-01-29 11:31:43.106739,walking
-2410,556,730,-10093,975,5311,2025-01-29 11:31:43.122346,walking
-2694,803,843,-10477,1202,6139,2025-01-29 11:31:43.138067,walking
-3004,865,692,-10621,1956,6019,2025-01-29 11:31:43.153580,walking
-3409,783,432,-10509,3032,5414,2025-01-29 11:31:43.169210,walking
-3821,720,466,-10254,3004,4832,2025-01-29 11:31:43.184832,walking
-4239,831,680,-10041,1779,4351,2025-01-29 11:31:43.216497,walking
-4565,912,879,-10062,-121,3457,2025-01-29 11:31:43.216497,walking
-4609,1008,1001,-10531,-1556,1547,2025-01-29 11:31:43.232149,walking
-4039,946,898,-10769,-1393,-70,2025-01-29 11:31:43.247769,walking
-3424,760,639,-9918,-694,-96,2025-01-29 11:31:43.279012,walking
-3149,546,595,-8720,-212,906,2025-01-29 11:31:43.279012,walking
-3212,423,703,-7807,217,1924,2025-01-29 11:31:43.310274,walking
-3594,505,832,-8207,1153,1750,2025-01-29 11:31:43.325888,walking
-3831,644,852,-9343,1827,584,2025-01-29 11:31:43.341517,walking
-3773,789,645,-9864,1842,-115,2025-01-29 11:31:43.357144,walking
-3571,895,619,-9074,1586,479,2025-01-29 11:31:43.372767,walking
-3610,1005,687,-8220,1111,1784,2025-01-29 11:31:43.388412,walking
-3865,967,968,-8083,891,2080,2025-01-29 11:31:43.404127,walking
-3931,849,946,-8497,1093,1032,2025-01-29 11:31:43.419648,walking
-3827,744,823,-8715,1053,-253,2025-01-29 11:31:43.435275,walking
-3563,654,790,-8695,772,-848,2025-01-29 11:31:43.457684,walking
-3288,552,738,-8361,994,-933,2025-01-29 11:31:43.466601,walking
-3085,483,699,-7675,2187,-623,2025-01-29 11:31:43.482244,walking
-3166,435,770,-6774,3609,-75,2025-01-29 11:31:43.497870,walking
-3376,406,879,-6058,5074,329,2025-01-29 11:31:43.513486,walking
-3630,482,889,-6109,6561,286,2025-01-29 11:31:43.529122,walking
-3857,589,816,-6579,6663,-167,2025-01-29 11:31:43.544739,walking
-3881,755,808,-6724,5203,-770,2025-01-29 11:31:43.560371,walking
-3706,829,822,-6478,3821,-1188,2025-01-29 11:31:43.581021,walking
-3431,877,909,-6797,3457,-1213,2025-01-29 11:31:43.592046,walking
-3291,820,843,-7480,4619,-651,2025-01-29 11:31:43.607717,walking
-3495,718,740,-7392,5319,-116,2025-01-29 11:31:43.623315,walking
-3846,611,765,-6752,4333,22,2025-01-29 11:31:43.638933,walking
-3819,553,943,-6346,3070,-415,2025-01-29 11:31:43.670190,walking
-3653,484,1129,-6390,3277,-835,2025-01-29 11:31:43.701747,walking
-3769,505,1154,-6198,3745,-462,2025-01-29 11:31:43.701747,walking
-4204,694,1161,-6414,3206,1104,2025-01-29 11:31:43.717393,walking
-4768,907,930,-8120,2668,2916,2025-01-29 11:31:43.733007,walking
-5274,1087,344,-10645,2095,3004,2025-01-29 11:31:43.748632,walking
-5030,1333,165,-11596,379,1611,2025-01-29 11:31:43.748632,walking
-4326,1277,188,-11099,-577,296,2025-01-29 11:31:43.795515,walking
-3859,888,90,-10756,182,-879,2025-01-29 11:31:43.795515,walking
-3521,414,-123,-10306,634,-1883,2025-01-29 11:31:43.811141,walking
-3284,-67,-494,-9166,-777,-2056,2025-01-29 11:31:43.826762,walking
-3131,-504,-913,-7628,-2486,-1742,2025-01-29 11:31:43.842415,walking
-3000,-758,-1159,-6024,-3155,-1004,2025-01-29 11:31:43.858125,walking
-3191,-728,-1177,-5223,-2488,419,2025-01-29 11:31:43.873647,walking
-3736,-508,-1052,-4767,-1755,2422,2025-01-29 11:31:43.904995,walking
-4591,-12,-606,-4337,-1808,4553,2025-01-29 11:31:43.904995,walking
-5467,629,93,-5194,-3376,4700,2025-01-29 11:31:43.920519,walking
-5865,1156,628,-7328,-4817,2246,2025-01-29 11:31:43.951770,walking
-5217,1162,279,-9352,-4144,-2015,2025-01-29 11:31:43.951770,
-4395,879,8,-9496,-3399,-4712,2025-01-29 11:31:43.967385,walking
-3378,624,-352,-9272,-2555,-5107,2025-01-29 11:31:43.998636,walking
-2604,337,-377,-8739,-911,-3637,2025-01-29 11:31:43.998636,walking
-2180,150,-175,-7991,863,-1547,2025-01-29 11:31:44.029888,walking
-2129,56,-26,-7655,2529,588,2025-01-29 11:31:44.045525,walking
-2437,-35,16,-7766,4022,2176,2025-01-29 11:31:44.061149,walking
-3205,90,108,-8167,4437,3013,2025-01-29 11:31:44.081265,walking
-4133,280,199,-8756,2922,3203,2025-01-29 11:31:44.092809,walking
-4935,385,249,-9252,349,2660,2025-01-29 11:31:44.113992,walking
-5140,275,-61,-9231,-1825,842,2025-01-29 11:31:44.124379,walking
-4585,0,-127,-8434,-2402,-713,2025-01-29 11:31:44.140136,walking
-4016,-258,-1,-7633,-2524,-1188,2025-01-29 11:31:44.155679,walking
-3473,-431,139,-7192,-2122,-848,2025-01-29 11:31:44.171306,walking
-3160,-469,259,-7119,-1630,-99,2025-01-29 11:31:44.186902,walking
-3147,-360,190,-6856,-1225,623,2025-01-29 11:31:44.202519,walking
-3233,-152,138,-6329,-830,1008,2025-01-29 11:31:44.218151,walking
-3433,5,135,-5836,-251,1362,2025-01-29 11:31:44.233776,walking
-3961,102,271,-5292,-138,1564,2025-01-29 11:31:44.249404,walking
-4317,-8,471,-4947,-534,1047,2025-01-29 11:31:44.265042,walking
-4200,-161,663,-4489,-1487,339,2025-01-29 11:31:44.280667,walking
-3603,-283,794,-4253,-2013,285,2025-01-29 11:31:44.296291,walking
-3168,-286,966,-4252,-1887,921,2025-01-29 11:31:44.311901,walking
-3084,-276,1030,-4285,-1352,1591,2025-01-29 11:31:44.343182,walking
-3384,-287,996,-3992,-799,1929,2025-01-29 11:31:44.358803,walking
-3811,-298,905,-3357,-484,2076,2025-01-29 11:31:44.374422,walking
-4166,-301,887,-3005,-538,2011,2025-01-29 11:31:44.390050,walking
-4227,-266,891,-2979,-164,1527,2025-01-29 11:31:44.405657,walking
-4031,-126,908,-2873,375,996,2025-01-29 11:31:44.421299,walking
-3804,-39,918,-2403,429,672,2025-01-29 11:31:44.436925,walking
-3609,30,848,-1692,482,502,2025-01-29 11:31:44.452659,walking
-3519,101,941,-1077,1042,762,2025-01-29 11:31:44.468153,walking
-3676,271,1172,-1263,1444,1593,2025-01-29 11:31:44.483781,walking
-3923,460,1387,-1947,1947,1979,2025-01-29 11:31:44.499409,walking
-4027,680,1581,-3236,2943,1733,2025-01-29 11:31:44.515019,walking
-3898,884,1652,-4954,3295,1366,2025-01-29 11:31:44.546273,walking
-3844,1062,1440,-6308,3769,1225,2025-01-29 11:31:44.561906,walking
-4139,989,932,-7171,4383,721,2025-01-29 11:31:44.561906,walking
-4731,719,-51,-6860,5322,-576,2025-01-29 11:31:44.581552,walking
-5381,124,-874,-4969,4576,-2683,2025-01-29 11:31:44.609325,walking
-5492,-643,-1028,-887,1534,-4752,2025-01-29 11:31:44.624864,walking
-4763,-904,-318,1295,-172,-4692,2025-01-29 11:31:44.640471,walking
-3786,-781,319,491,-864,-2936,2025-01-29 11:31:44.656203,walking
-3079,-412,182,-1843,-1052,-1229,2025-01-29 11:31:44.671712,walking
-2571,-152,-156,-2947,-459,-1126,2025-01-29 11:31:44.687367,walking
-2087,108,-231,-3202,1165,-1586,2025-01-29 11:31:44.702985,walking
-1863,234,-290,-3881,2562,-1036,2025-01-29 11:31:44.718583,walking
-2506,-33,-812,-3303,3014,-138,2025-01-29 11:31:44.734209,walking
-3529,-337,-1048,-1056,4040,522,2025-01-29 11:31:44.749845,walking
-4879,-541,-787,793,4356,1020,2025-01-29 11:31:44.765462,walking
-6028,-520,-212,1287,2495,970,2025-01-29 11:31:44.781104,walking
-6333,-315,368,460,-788,608,2025-01-29 11:31:44.796714,walking
-5479,-55,605,-1046,-3976,382,2025-01-29 11:31:44.812335,walking
-4411,57,263,-1756,-4833,555,2025-01-29 11:31:44.827962,walking
-3514,150,33,-1681,-2784,593,2025-01-29 11:31:44.843589,walking
-2915,129,-152,-1095,-759,559,2025-01-29 11:31:44.859325,walking
-2416,174,-167,-660,439,920,2025-01-29 11:31:44.874866,walking
-2062,225,-98,-626,1372,1337,2025-01-29 11:31:44.906194,walking
-2107,350,-54,-416,2235,1889,2025-01-29 11:31:44.921742,walking
-2474,431,71,237,2707,2772,2025-01-29 11:31:44.937367,walking
-3051,526,320,447,2028,3614,2025-01-29 11:31:44.937367,walking
-3773,609,482,-21,427,4018,2025-01-29 11:31:44.961731,walking
-4427,628,490,-706,-657,3280,2025-01-29 11:31:44.984554,walking
-4846,605,401,-1123,-1037,1694,2025-01-29 11:31:45.000006,walking
-4873,469,468,-1378,-1461,-467,2025-01-29 11:31:45.015630,walking
-4295,274,557,-1577,-2288,-1710,2025-01-29 11:31:45.031259,walking
-3461,11,427,-1366,-2263,-2020,2025-01-29 11:31:45.046878,walking
-2771,-38,468,-1335,-1232,-1793,2025-01-29 11:31:45.062505,walking
-2452,-105,501,-1239,254,-1269,2025-01-29 11:31:45.081643,walking
-2497,-99,508,-579,1646,-481,2025-01-29 11:31:45.094155,walking
-2902,-16,666,781,2177,218,2025-01-29 11:31:45.109830,walking
-3373,185,946,1683,2275,437,2025-01-29 11:31:45.125454,walking
-3930,423,947,1521,1543,216,2025-01-29 11:31:45.156671,walking
-4658,472,511,1428,-195,-391,2025-01-29 11:31:45.156671,walking
-4990,393,213,2285,-916,-930,2025-01-29 11:31:45.176922,walking
-5058,251,398,3241,-23,-1232,2025-01-29 11:31:45.188465,walking
-4706,84,768,3163,1162,-1278,2025-01-29 11:31:45.219745,walking
-4202,-108,933,2887,1458,-1030,2025-01-29 11:31:45.219745,walking
-3802,-234,1037,2907,711,-606,2025-01-29 11:31:45.250984,walking
-3732,-411,946,3844,-512,-292,2025-01-29 11:31:45.250984,walking
-3944,-566,809,5404,-1235,-66,2025-01-29 11:31:45.282233,walking
-4226,-433,700,6063,-873,406,2025-01-29 11:31:45.297869,walking
-4641,-27,444,5617,-77,1965,2025-01-29 11:31:45.313498,walking
-4916,426,-75,4685,221,3589,2025-01-29 11:31:45.329120,walking
-5165,813,-597,3848,496,4337,2025-01-29 11:31:45.344748,walking
-5249,683,-1034,3425,220,2924,2025-01-29 11:31:45.360366,walking
-4844,46,-1337,4096,-638,-436,2025-01-29 11:31:45.376013,walking
-4171,-609,-1507,6266,-1664,-3446,2025-01-29 11:31:45.391617,walking
-3317,-1080,-1394,9625,-3179,-4461,2025-01-29 11:31:45.407248,walking
-2789,-1180,-1077,12344,-4580,-3114,2025-01-29 11:31:45.422885,walking
-2547,-583,-582,13719,-4554,-1063,2025-01-29 11:31:45.438485,walking
-2967,340,-233,13190,-2158,91,2025-01-29 11:31:45.454118,walking
-3749,970,-223,11981,563,961,2025-01-29 11:31:45.478820,walking
-5016,1490,-248,10430,645,1723,2025-01-29 11:31:45.501478,walking
-6209,1527,-185,8304,-1523,-114,2025-01-29 11:31:45.501478,walking
-6047,1043,-108,6369,-4398,-4581,2025-01-29 11:31:45.532735,walking
-4742,415,-197,5317,-5260,-7332,2025-01-29 11:31:45.548348,walking
-3660,-261,-413,5278,-3556,-7947,2025-01-29 11:31:45.563970,walking
-2979,-630,-509,5632,-1402,-6847,2025-01-29 11:31:45.579599,walking
-2663,-753,-668,6098,468,-4719,2025-01-29 11:31:45.595652,walking
-2649,-427,-436,6232,1417,-2422,2025-01-29 11:31:45.611298,
-2981,25,-277,6216,1212,-671,2025-01-29 11:31:45.626926,walking
-3603,440,51,6278,-121,91,2025-01-29 11:31:45.642558,walking
-4161,539,285,6107,-1322,-586,2025-01-29 11:31:45.658283,walking
-4274,213,455,5351,-1250,-2404,2025-01-29 11:31:45.673798,walking
-3887,-279,445,4112,-521,-3951,2025-01-29 11:31:45.705162,walking
-3376,-487,416,3129,197,-4046,2025-01-29 11:31:45.705162,walking
-2974,-506,381,2846,570,-3160,2025-01-29 11:31:45.720678,walking
-2656,-379,526,2391,821,-1849,2025-01-29 11:31:45.745577,walking
-2589,-172,469,1217,1032,-573,2025-01-29 11:31:45.752113,walking
-2861,-139,120,795,1005,391,2025-01-29 11:31:45.767756,walking
-3149,-71,73,1044,681,1427,2025-01-29 11:31:45.783389,walking
-3447,7,459,1016,33,2483,2025-01-29 11:31:45.799012,walking
-3965,-9,745,427,-1320,2893,2025-01-29 11:31:45.830256,walking
-4331,-242,791,161,-2297,2307,2025-01-29 11:31:45.846013,walking
-4483,-550,753,180,-2868,850,2025-01-29 11:31:45.861513,walking
-4095,-867,541,150,-3169,-340,2025-01-29 11:31:45.877135,walking
-3462,-972,380,643,-3278,-584,2025-01-29 11:31:45.892784,walking
-2817,-800,515,1761,-3137,471,2025-01-29 11:31:45.924566,walking
-2688,-452,664,2784,-2975,2462,2025-01-29 11:31:45.924566,walking
-3075,-25,791,2958,-1877,3760,2025-01-29 11:31:45.940123,walking
-3763,508,1092,2267,-829,4209,2025-01-29 11:31:45.962733,walking
-4720,869,931,1384,-944,3289,2025-01-29 11:31:45.973089,walking
-5345,888,143,505,251,899,2025-01-29 11:31:45.986618,walking
-5499,732,-877,-301,1852,-2463,2025-01-29 11:31:46.003826,walking
-5027,458,-1245,220,1461,-4615,2025-01-29 11:31:46.018833,walking
-4162,132,-1052,2017,447,-5119,2025-01-29 11:31:46.034487,walking
-3302,-209,-571,3191,989,-4480,2025-01-29 11:31:46.050117,walking
-2716,-367,-298,3146,1999,-3152,2025-01-29 11:31:46.065736,walking
-2439,-317,-122,2563,2310,-1369,2025-01-29 11:31:46.082373,walking
-2576,-74,-174,1954,1248,506,2025-01-29 11:31:46.113077,walking
-3220,67,-419,2485,1618,1538,2025-01-29 11:31:46.128771,walking
-4221,167,-640,4247,2608,2507,2025-01-29 11:31:46.144417,walking
-5424,295,-695,5663,2624,3309,2025-01-29 11:31:46.144417,walking
-6224,466,-456,5998,1638,3203,2025-01-29 11:31:46.175694,walking
-6101,762,41,4976,-4,1488,2025-01-29 11:31:46.191285,walking
-4922,817,402,3107,-1354,-693,2025-01-29 11:31:46.206920,walking
-3622,735,459,826,-459,-2459,2025-01-29 11:31:46.222561,walking
-2821,466,24,-552,356,-3259,2025-01-29 11:31:46.238184,walking
-2484,79,-438,-264,-208,-2887,2025-01-29 11:31:46.253793,walking
-2318,-165,-967,1676,191,-1552,2025-01-29 11:31:46.269407,walking
-2371,-157,-1168,3903,2568,455,2025-01-29 11:31:46.285049,walking
-2999,135,-945,5449,3660,2550,2025-01-29 11:31:46.300660,walking
-3740,486,-462,6510,1308,3884,2025-01-29 11:31:46.316282,walking
-4554,788,44,6693,-1832,3693,2025-01-29 11:31:46.331906,walking
-5116,1063,607,5866,-2417,1724,2025-01-29 11:31:46.347536,walking
-5367,1133,1172,4505,-1476,-2370,2025-01-29 11:31:46.378784,walking
-5253,1024,1362,3270,-1873,-4801,2025-01-29 11:31:46.394414,walking
-4704,718,1100,1662,-2560,-5750,2025-01-29 11:31:46.394414,walking
-3835,156,272,990,-2067,-5506,2025-01-29 11:31:46.425665,walking
-3365,-275,-315,1575,-900,-5412,2025-01-29 11:31:46.425665,walking
-2924,-598,-713,2776,408,-5706,2025-01-29 11:31:46.456912,walking
-2487,-676,-577,3672,1853,-5164,2025-01-29 11:31:46.472565,walking
-2102,-477,-91,3512,3292,-2116,2025-01-29 11:31:46.488190,walking
-2556,-31,170,2805,4120,1816,2025-01-29 11:31:46.503793,walking
-3684,558,130,2248,3753,4178,2025-01-29 11:31:46.519493,walking
-4542,1105,128,1753,2618,3890,2025-01-29 11:31:46.535046,walking
-5075,1434,143,1112,1793,1878,2025-01-29 11:31:46.550671,walking
-5175,1258,186,219,1225,-588,2025-01-29 11:31:46.566295,walking
-4886,492,104,-295,224,-2420,2025-01-29 11:31:46.582433,walking
-4557,-347,-112,-31,-1065,-3560,2025-01-29 11:31:46.597953,walking
-4120,-941,-204,665,-1976,-4221,2025-01-29 11:31:46.613594,walking
-3497,-1254,-35,1108,-2354,-4095,2025-01-29 11:31:46.629222,walking
-2909,-1236,136,1370,-2114,-2750,2025-01-29 11:31:46.660479,walking
-2592,-820,78,2075,-1682,-738,2025-01-29 11:31:46.676123,walking
-2861,-285,154,2730,-86,993,2025-01-29 11:31:46.691721,walking
-3439,159,173,2885,1283,1840,2025-01-29 11:31:46.707372,walking
-3975,587,344,2348,1582,2035,2025-01-29 11:31:46.722992,walking
-4391,932,474,910,939,1590,2025-01-29 11:31:46.738658,walking
-4565,1023,427,-719,280,440,2025-01-29 11:31:46.753910,walking
-4441,604,152,-1565,280,-1205,2025-01-29 11:31:46.769577,walking
-4033,176,7,-1414,414,-1592,2025-01-29 11:31:46.785170,walking
-3795,-139,-45,-964,243,-1275,2025-01-29 11:31:46.800810,walking
-3667,-347,109,-492,-151,-528,2025-01-29 11:31:46.816422,walking
-3579,-394,310,-320,-243,104,2025-01-29 11:31:46.832058,walking
-3572,-200,331,-493,217,164,2025-01-29 11:31:46.847671,walking
-3707,-34,136,-447,777,40,2025-01-29 11:31:46.863302,walking
-3862,45,-37,217,1126,-289,2025-01-29 11:31:46.878930,walking
-3991,-32,70,1199,1063,-553,2025-01-29 11:31:46.894549,walking
-4115,-152,210,1626,119,-564,2025-01-29 11:31:46.910174,walking
-4101,-167,322,1507,-919,-757,2025-01-29 11:31:46.925795,walking
-3916,-22,425,1156,-934,-948,2025-01-29 11:31:46.941422,walking
-3741,277,467,732,-209,-601,2025-01-29 11:31:46.972695,walking
-3772,459,448,235,-269,71,2025-01-29 11:31:46.988303,walking
-3878,464,326,-114,-307,262,2025-01-29 11:31:47.003953,walking
-3833,263,284,-182,450,-151,2025-01-29 11:31:47.019563,walking
-3694,41,307,-221,871,-523,2025-01-29 11:31:47.035174,standing
-3612,-198,296,-437,615,-329,2025-01-29 11:31:47.050800,standing
-3571,-316,299,-662,676,93,2025-01-29 11:31:47.066434,standing
-3667,-246,221,-607,1128,368,2025-01-29 11:31:47.082567,standing
-3922,-75,199,-419,1018,473,2025-01-29 11:31:47.098091,standing
-4081,77,213,-484,188,377,2025-01-29 11:31:47.113744,standing
-4132,125,276,-781,-384,21,2025-01-29 11:31:47.129364,standing
-4194,94,190,-981,-456,-494,2025-01-29 11:31:47.145005,standing
-4092,-9,119,-854,-611,-772,2025-01-29 11:31:47.176233,standing
-3987,0,70,-504,-1075,-758,2025-01-29 11:31:47.191865,standing
-3800,35,175,-345,-1399,-662,2025-01-29 11:31:47.191865,standing
-3732,96,266,-410,-1517,-521,2025-01-29 11:31:47.207485,standing
-3724,36,278,-441,-1283,-431,2025-01-29 11:31:47.223112,standing
-3764,77,256,-357,-989,-377,2025-01-29 11:31:47.254389,standing
-3794,73,276,-178,-1032,-320,2025-01-29 11:31:47.269987,
-3769,95,367,-111,-967,-316,2025-01-29 11:31:47.285611,standing
-3697,134,384,-250,-399,-376,2025-01-29 11:31:47.301242,standing
-3668,82,407,-392,30,-390,2025-01-29 11:31:47.316858,standing
-3685,58,377,-489,244,-203,2025-01-29 11:31:47.332482,standing
-3835,-24,236,-351,295,-32,2025-01-29 11:31:47.348111,standing
-3940,-35,243,-127,213,-29,2025-01-29 11:31:47.363733,standing
-4045,-5,271,-17,-106,-146,2025-01-29 11:31:47.379369,standing
-4021,-3,312,-133,-498,-396,2025-01-29 11:31:47.394986,standing
-3868,104,343,-282,-550,-627,2025-01-29 11:31:47.410610,standing
-3712,86,350,-355,-372,-668,2025-01-29 11:31:47.426266,standing
-3649,62,279,-305,-351,-475,2025-01-29 11:31:47.441857,standing
-3659,5,257,-222,-213,-119,2025-01-29 11:31:47.457496,standing
-3834,-17,244,-75,105,74,2025-01-29 11:31:47.488745,standing
-4003,25,315,72,-100,-90,2025-01-29 11:31:47.488745,standing
-4014,53,387,13,-601,-303,2025-01-29 11:31:47.504358,standing
-3954,45,436,-104,-1026,-481,2025-01-29 11:31:47.519992,standing
-3828,91,442,-242,-1000,-558,2025-01-29 11:31:47.551242,standing
-3714,41,422,-403,-570,-563,2025-01-29 11:31:47.551242,standing
-3660,-9,354,-471,-200,-515,2025-01-29 11:31:47.582998,standing
-3619,-51,307,-429,-88,-313,2025-01-29 11:31:47.598549,standing
-3685,-51,237,-239,268,-104,2025-01-29 11:31:47.614224,standing
-3835,20,304,-67,503,-46,2025-01-29 11:31:47.629821,standing
-3981,34,378,63,206,-218,2025-01-29 11:31:47.645451,standing
-3955,22,443,189,-171,-408,2025-01-29 11:31:47.661090,standing
-3858,-5,449,49,-197,-372,2025-01-29 11:31:47.676702,standing
-3781,-85,417,-31,11,-391,2025-01-29 11:31:47.692435,standing
-3685,-109,377,36,179,-391,2025-01-29 11:31:47.707982,standing
-3722,-73,353,72,164,-227,2025-01-29 11:31:47.723685,standing
-3809,12,337,62,272,-190,2025-01-29 11:31:47.739222,standing
-3905,60,312,175,228,-290,2025-01-29 11:31:47.754830,standing
-4007,148,328,66,-607,-530,2025-01-29 11:31:47.770446,standing
-3943,126,291,-73,-968,-624,2025-01-29 11:31:47.786079,standing
-3855,89,354,-81,-747,-545,2025-01-29 11:31:47.817323,standing
-3815,36,453,-277,-942,-511,2025-01-29 11:31:47.817323,standing
-3762,-30,431,-559,-1120,-532,2025-01-29 11:31:47.832952,standing
-3697,-61,396,-631,-784,-628,2025-01-29 11:31:47.864214,standing
-3671,-82,360,-541,-333,-466,2025-01-29 11:31:47.864214,standing
-3744,-44,340,-375,-379,-128,2025-01-29 11:31:47.879853,standing
-3839,26,409,-251,-335,-48,2025-01-29 11:31:47.911078,standing
-3849,61,532,-365,-120,-199,2025-01-29 11:31:47.926694,standing
-3750,64,631,-662,-210,-373,2025-01-29 11:31:47.942346,standing
-3645,14,612,-964,165,-328,2025-01-29 11:31:47.957975,standing
-3712,-39,441,-1081,609,-168,2025-01-29 11:31:47.973644,standing
-3810,-52,349,-880,702,-21,2025-01-29 11:31:47.989220,standing
-3886,-13,422,-684,298,3,2025-01-29 11:31:48.004828,standing
-3836,35,444,-894,78,-164,2025-01-29 11:31:48.020455,standing
-3820,-48,388,-1037,36,-451,2025-01-29 11:31:48.036080,standing
-3788,-126,364,-784,-86,-452,2025-01-29 11:31:48.051695,standing
-3812,-181,443,-622,-24,-228,2025-01-29 11:31:48.067338,standing
-3837,-119,430,-676,-126,-149,2025-01-29 11:31:48.098987,standing
-3862,-114,460,-842,-315,-249,2025-01-29 11:31:48.098987,standing
-3808,-38,385,-863,-642,-284,2025-01-29 11:31:48.114717,standing
-3769,-13,347,-711,-798,-108,2025-01-29 11:31:48.130268,standing
-3829,38,507,-523,-567,-102,2025-01-29 11:31:48.145885,standing
-3840,52,576,-656,-556,-214,2025-01-29 11:31:48.161529,standing
-3798,36,619,-1090,-576,-275,2025-01-29 11:31:48.196217,standing
-3715,71,581,-1535,-119,-299,2025-01-29 11:31:48.208774,standing
-3620,67,539,-1656,2073,-325,2025-01-29 11:31:48.224450,standing
-4047,59,581,-1220,3321,-102,2025-01-29 11:31:48.240046,standing
-4574,-18,581,-1190,867,-110,2025-01-29 11:31:48.255763,standing
-4418,-47,659,-1610,-2685,-728,2025-01-29 11:31:48.271297,standing
-3801,-85,434,-1882,-3838,-1314,2025-01-29 11:31:48.286932,standing
-3238,-75,372,-1603,-1949,-1535,2025-01-29 11:31:48.302557,standing
-2896,-149,395,-960,1306,-1417,2025-01-29 11:31:48.318197,standing
-2911,-252,439,-223,3197,-641,2025-01-29 11:31:48.333810,standing
-3146,-264,455,118,3875,450,2025-01-29 11:31:48.349418,standing
-3659,-239,467,248,4470,1201,2025-01-29 11:31:48.377133,standing
-4072,-147,493,112,4348,1008,2025-01-29 11:31:48.396580,standing
-4252,-28,501,-320,3422,343,2025-01-29 11:31:48.396580,standing
-4240,59,388,-862,2009,-442,2025-01-29 11:31:48.427830,standing
-4102,35,305,-1158,861,-840,2025-01-29 11:31:48.427830,standing
-4020,-112,31,-822,577,-924,2025-01-29 11:31:48.443446,standing
-3922,-209,65,10,1055,-551,2025-01-29 11:31:48.459080,standing
-3989,-240,237,358,338,-114,2025-01-29 11:31:48.490351,standing
-3915,-224,326,69,-1071,-208,2025-01-29 11:31:48.505977,standing
-3704,-189,350,-296,-820,-532,2025-01-29 11:31:48.521577,standing
-3583,-138,369,-145,244,-688,2025-01-29 11:31:48.537206,standing
-3552,-36,294,-207,578,-401,2025-01-29 11:31:48.552852,standing
-3633,-59,183,-223,740,-64,2025-01-29 11:31:48.568450,standing
-3823,-131,191,160,1103,177,2025-01-29 11:31:48.583973,standing
-4027,-135,287,293,686,179,2025-01-29 11:31:48.599621,standing
-4064,-161,362,-153,-243,-168,2025-01-29 11:31:48.615252,standing
-3964,-141,300,-513,-570,-622,2025-01-29 11:31:48.641419,standing
-3800,-136,200,-488,-444,-784,2025-01-29 11:31:48.646944,standing
-3729,-107,136,-110,-274,-584,2025-01-29 11:31:48.662607,standing
-3732,-96,182,79,-422,-139,2025-01-29 11:31:48.678211,standing
-3796,-135,328,-68,-710,265,2025-01-29 11:31:48.693834,standing
-3897,-108,363,-379,-1240,306,2025-01-29 11:31:48.725091,standing
-3915,-100,371,-657,-1363,106,2025-01-29 11:31:48.725091,standing
-3875,-125,340,-630,-933,-125,2025-01-29 11:31:48.756364,standing
-3858,-115,301,-403,-303,-251,2025-01-29 11:31:48.771983,standing
-3808,-137,289,-145,-134,-263,2025-01-29 11:31:48.787608,standing
-3730,-125,424,-167,-289,-112,2025-01-29 11:31:48.803280,standing
-3673,-124,438,-468,-53,62,2025-01-29 11:31:48.818859,standing
-3679,-165,467,-707,431,281,2025-01-29 11:31:48.834458,standing
-3885,-134,457,-752,108,440,2025-01-29 11:31:48.850098,standing
-4002,-95,371,-852,-677,308,2025-01-29 11:31:48.865707,standing
-4021,-38,328,-985,-1207,72,2025-01-29 11:31:48.881352,standing
-3986,-15,334,-1061,-1345,-97,2025-01-29 11:31:48.912585,standing
-3875,-31,382,-1158,-1073,-256,2025-01-29 11:31:48.912585,
-3712,-127,371,-1294,-666,-378,2025-01-29 11:31:48.943839,standing
-3602,-188,353,-1423,-421,-175,2025-01-29 11:31:48.943839,standing
-3570,-212,445,-1292,-146,315,2025-01-29 11:31:48.959458,standing
-3715,-174,531,-1153,243,767,2025-01-29 11:31:48.991056,standing
-3964,-37,557,-1243,-13,769,2025-01-29 11:31:48.991056,standing
-3970,71,605,-1486,-707,287,2025-01-29 11:31:49.022331,standing
-3734,68,598,-2025,-426,-269,2025-01-29 11:31:49.037980,standing
-3545,-45,406,-2324,476,-398,2025-01-29 11:31:49.053606,standing
-3469,-125,229,-2253,1233,49,2025-01-29 11:31:49.069209,standing
-3642,-149,110,-1960,1299,811,2025-01-29 11:31:49.100908,standing
-3795,-105,282,-1466,1377,1558,2025-01-29 11:31:49.100908,standing
-3950,-46,518,-1378,1992,1971,2025-01-29 11:31:49.116505,standing
-4102,5,858,-1861,2306,1442,2025-01-29 11:31:49.132135,standing
-3971,53,875,-2632,1968,131,2025-01-29 11:31:49.147765,standing
-3859,59,638,-3326,970,-740,2025-01-29 11:31:49.163376,standing
-3671,-49,233,-3182,134,-1065,2025-01-29 11:31:49.179003,standing
-3582,-155,146,-2402,276,-532,2025-01-29 11:31:49.194654,standing
-3624,-208,192,-1814,320,466,2025-01-29 11:31:49.210382,standing
-3805,-195,451,-1386,139,1239,2025-01-29 11:31:49.225887,standing
-3903,-117,678,-1451,681,1303,2025-01-29 11:31:49.241511,standing
-4018,76,746,-1972,839,652,2025-01-29 11:31:49.257147,standing
-3941,218,526,-2513,-237,-181,2025-01-29 11:31:49.272764,standing
-3698,232,191,-2469,138,-360,2025-01-29 11:31:49.304011,standing
-3588,166,57,-1935,1824,-120,2025-01-29 11:31:49.319626,standing
-3627,50,70,-1418,2423,56,2025-01-29 11:31:49.319626,standing
-3641,-19,223,-1262,2243,239,2025-01-29 11:31:49.335247,standing
-3659,-8,374,-1661,2153,380,2025-01-29 11:31:49.366511,standing
-3732,15,405,-2219,1787,408,2025-01-29 11:31:49.366511,standing
-3835,50,328,-2360,1351,257,2025-01-29 11:31:49.397768,standing
-3935,135,330,-2061,873,74,2025-01-29 11:31:49.413383,standing
-3945,193,335,-1963,711,105,2025-01-29 11:31:49.429004,standing
-4056,229,309,-2232,445,69,2025-01-29 11:31:49.444636,standing
-3958,290,422,-2796,94,-34,2025-01-29 11:31:49.460257,standing
-3882,329,483,-3423,-122,-41,2025-01-29 11:31:49.475877,standing
-3847,296,407,-3940,-155,-244,2025-01-29 11:31:49.491510,standing
-3849,280,329,-3971,-189,-336,2025-01-29 11:31:49.522776,standing
-3906,291,278,-4107,-72,-168,2025-01-29 11:31:49.522776,standing
-3915,282,224,-4713,544,-65,2025-01-29 11:31:49.538383,standing
-3926,319,162,-5603,866,-55,2025-01-29 11:31:49.563274,standing
-3791,306,66,-6086,394,-42,2025-01-29 11:31:49.585873,standing
-3572,263,-99,-6578,589,321,2025-01-29 11:31:49.585873,standing
-3504,242,-184,-6630,1436,1119,2025-01-29 11:31:49.601517,standing
-3657,232,-231,-6341,1624,2008,2025-01-29 11:31:49.632766,standing
-3932,209,7,-5649,992,2570,2025-01-29 11:31:49.632766,standing
-4002,256,367,-5907,233,2381,2025-01-29 11:31:49.664011,standing
-3991,257,471,-7336,398,1300,2025-01-29 11:31:49.679647,standing
-3931,155,307,-8025,947,258,2025-01-29 11:31:49.695282,standing
-3863,106,45,-7791,909,148,2025-01-29 11:31:49.710901,standing
-3879,58,-107,-7133,411,756,2025-01-29 11:31:49.726634,standing
-3805,64,-2,-6647,444,1261,2025-01-29 11:31:49.742169,standing
-3791,201,146,-7107,686,1389,2025-01-29 11:31:49.757879,standing
-3731,276,200,-7822,694,1177,2025-01-29 11:31:49.773426,standing
-3709,352,87,-8134,434,1173,2025-01-29 11:31:49.789048,standing
-3769,263,-124,-8140,753,1033,2025-01-29 11:31:49.804648,standing
-3860,90,-231,-7577,1485,636,2025-01-29 11:31:49.820272,standing
-3971,-92,-70,-6726,1198,312,2025-01-29 11:31:49.835899,standing
-3991,-126,121,-6289,644,270,2025-01-29 11:31:49.851523,standing
-4038,-67,268,-6584,336,745,2025-01-29 11:31:49.867157,standing
-4171,2,132,-6992,-185,1067,2025-01-29 11:31:49.882772,standing
-4199,-49,-97,-6751,-576,490,2025-01-29 11:31:49.898392,standing
-4023,-73,-202,-6035,-1006,-445,2025-01-29 11:31:49.914030,standing
-3766,-156,-34,-5383,-1545,-1009,2025-01-29 11:31:49.945267,standing
-3450,-172,198,-5125,-1685,-873,2025-01-29 11:31:49.960895,standing
-3379,-124,343,-4934,-1372,-86,2025-01-29 11:31:49.960895,standing
-3610,-5,328,-5022,-1072,890,2025-01-29 11:31:49.992172,standing
-4085,152,142,-5109,-1426,1410,2025-01-29 11:31:50.007855,standing
-4419,350,127,-4994,-2459,1334,2025-01-29 11:31:50.023415,standing
-4563,384,136,-5264,-2379,-99,2025-01-29 11:31:50.039011,standing
-4359,193,206,-5500,-2888,-1705,2025-01-29 11:31:50.070263,standing
-3883,-135,387,-5633,-4030,-1964,2025-01-29 11:31:50.070263,standing
-3411,-437,390,-5549,-3685,-1733,2025-01-29 11:31:50.101514,standing
-3128,-627,454,-4793,-2233,-1354,2025-01-29 11:31:50.101514,standing
-2975,-480,638,-4315,-1550,-154,2025-01-29 11:31:50.117121,standing
-3105,-198,1019,-4735,-1460,1703,2025-01-29 11:31:50.132727,standing
-3549,68,993,-5030,-418,2921,2025-01-29 11:31:50.148371,standing
-4083,159,840,-4996,1804,2548,2025-01-29 11:31:50.164002,standing
-4466,149,754,-4905,3763,775,2025-01-29 11:31:50.195250,standing
-4459,68,694,-5213,4003,-1213,2025-01-29 11:31:50.210860,standing
-3951,11,630,-6072,3808,-2433,2025-01-29 11:31:50.210860,standing
-3385,-22,383,-7133,3787,-2153,2025-01-29 11:31:50.242105,standing
-3212,-123,74,-6778,2819,-1054,2025-01-29 11:31:50.257745,standing
-3176,-292,-37,-5739,2541,-10,2025-01-29 11:31:50.273363,standing
-3494,-481,16,-4620,3498,468,2025-01-29 11:31:50.289010,standing
-3963,-638,265,-4118,2804,498,2025-01-29 11:31:50.304601,standing
-4180,-703,501,-4412,910,586,2025-01-29 11:31:50.320241,standing
-4313,-623,490,-4892,-69,711,2025-01-29 11:31:50.335857,standing
-4322,-396,379,-5184,-747,250,2025-01-29 11:31:50.351480,standing
-4237,-278,310,-5004,-1302,-546,2025-01-29 11:31:50.367108,standing
-3925,-213,401,-5086,-1167,-1013,2025-01-29 11:31:50.382727,standing
-3537,-146,491,-5563,-653,-1068,2025-01-29 11:31:50.398359,standing
-3231,-139,430,-5710,7,-769,2025-01-29 11:31:50.413998,standing
-3141,-214,375,-5002,463,-143,2025-01-29 11:31:50.429607,standing
-3332,-288,648,-4539,123,775,2025-01-29 11:31:50.445235,standing
-3718,-434,705,-5073,-188,1035,2025-01-29 11:31:50.460860,standing
-3966,-494,733,-5579,-136,676,2025-01-29 11:31:50.492134,standing
-3983,-381,864,-5861,-310,218,2025-01-29 11:31:50.492134,standing
-3827,-218,941,-6102,-993,-120,2025-01-29 11:31:50.507728,standing
-3593,-21,1003,-6601,-863,108,2025-01-29 11:31:50.554634,standing
-3501,139,929,-7180,-805,766,2025-01-29 11:31:50.554634,standing
-3650,197,878,-7572,-1154,1599,2025-01-29 11:31:50.570225,
-3847,224,928,-7642,-1274,2172,2025-01-29 11:31:50.586279,standing
-4048,241,1273,-7561,-796,2049,2025-01-29 11:31:50.601919,standing
-3979,334,1622,-8876,106,1292,2025-01-29 11:31:50.617543,standing
-3645,400,1441,-10451,88,1418,2025-01-29 11:31:50.633167,standing
-3507,426,1090,-11152,147,1996,2025-01-29 11:31:50.648798,standing
-3552,265,569,-11092,941,2574,2025-01-29 11:31:50.664435,standing
-3757,21,196,-10805,2525,2556,2025-01-29 11:31:50.695671,standing
-4142,-220,13,-10191,4049,1986,2025-01-29 11:31:50.695671,standing
-4473,-230,99,-9328,4789,1172,2025-01-29 11:31:50.711301,standing
-4524,-99,283,-9025,4737,592,2025-01-29 11:31:50.726928,standing
-4192,364,642,-9844,3739,444,2025-01-29 11:31:50.758197,standing
-3714,627,541,-11450,2384,740,2025-01-29 11:31:50.773801,standing
-3302,587,175,-12140,3325,609,2025-01-29 11:31:50.789447,standing
-3219,325,-258,-12649,4649,571,2025-01-29 11:31:50.805072,standing
-3454,87,-970,-13445,4692,1048,2025-01-29 11:31:50.820671,standing
-3905,-64,-1788,-12539,4090,2130,2025-01-29 11:31:50.836313,standing
-4433,201,-1802,-9486,3422,3356,2025-01-29 11:31:50.851975,standing
-5025,585,-1238,-6366,2174,3943,2025-01-29 11:31:50.867549,standing
-5436,866,-283,-5828,236,2596,2025-01-29 11:31:50.883169,standing
-5119,819,337,-8741,-729,379,2025-01-29 11:31:50.898799,standing
-4484,631,238,-12460,-1002,-715,2025-01-29 11:31:50.920413,standing
-3855,554,-232,-15049,-962,-270,2025-01-29 11:31:50.930439,standing
-3454,544,-827,-15308,-475,1152,2025-01-29 11:31:50.946105,standing
-3373,626,-1076,-13965,-320,2825,2025-01-29 11:31:50.961712,standing
-3537,754,-817,-12109,-747,4220,2025-01-29 11:31:50.977334,standing
-3736,820,-419,-11798,-537,4993,2025-01-29 11:31:50.992958,standing
-3966,777,-210,-12936,187,4950,2025-01-29 11:31:51.008586,standing
-4010,704,-252,-14353,253,4435,2025-01-29 11:31:51.024213,standing
-3838,693,-385,-15397,58,3653,2025-01-29 11:31:51.039836,standing
-3586,813,-533,-16110,-137,2894,2025-01-29 11:31:51.055456,standing
-3309,1006,-557,-16370,-511,2461,2025-01-29 11:31:51.087178,standing
-3131,1107,-571,-16224,-613,2643,2025-01-29 11:31:51.103689,standing
-3182,1156,-618,-15821,-209,3205,2025-01-29 11:31:51.118577,standing
-3390,1073,-499,-15279,393,3728,2025-01-29 11:31:51.134216,standing
-3793,1021,-360,-15281,313,3903,2025-01-29 11:31:51.134216,standing
-4045,878,-352,-15340,-190,3550,2025-01-29 11:31:51.165468,standing
-4029,822,-272,-15581,117,2864,2025-01-29 11:31:51.181108,standing
-3838,770,-289,-16064,983,1914,2025-01-29 11:31:51.196721,walking
-3737,707,-184,-15900,755,1221,2025-01-29 11:31:51.212345,walking
-3689,724,-67,-15196,-316,942,2025-01-29 11:31:51.227978,walking
-3802,786,-88,-13969,-754,697,2025-01-29 11:31:51.243668,walking
-3834,793,25,-12563,-652,160,2025-01-29 11:31:51.259252,walking
-3665,735,330,-11591,-467,-264,2025-01-29 11:31:51.274856,walking
-3393,596,362,-11652,317,-478,2025-01-29 11:31:51.290502,walking
-3273,375,228,-12155,1250,-841,2025-01-29 11:31:51.306126,walking
-3209,196,-105,-11896,1599,-994,2025-01-29 11:31:51.321750,walking
-3324,150,-337,-10938,1431,-447,2025-01-29 11:31:51.337343,walking
-3604,237,-301,-9258,968,48,2025-01-29 11:31:51.352978,walking
-3831,495,153,-7825,31,313,2025-01-29 11:31:51.368606,walking
-3907,720,880,-7395,-901,82,2025-01-29 11:31:51.384223,walking
-3982,889,1279,-8646,-796,-586,2025-01-29 11:31:51.399850,walking
-3941,1029,1108,-10972,-95,-1651,2025-01-29 11:31:51.431105,walking
-3767,1084,768,-12074,744,-2041,2025-01-29 11:31:51.431105,walking
-3741,990,366,-11928,1176,-2245,2025-01-29 11:31:51.462353,walking
-3888,655,-238,-10804,748,-2533,2025-01-29 11:31:51.462353,walking
-3908,156,-459,-8821,355,-2391,2025-01-29 11:31:51.477985,walking
-4020,-182,-371,-7205,525,-1569,2025-01-29 11:31:51.509224,walking
-4410,-161,-71,-6944,-32,-387,2025-01-29 11:31:51.524976,walking
-4670,405,137,-8489,-795,936,2025-01-29 11:31:51.540467,walking
-4657,1295,367,-11556,-786,2201,2025-01-29 11:31:51.556125,walking
-4589,1683,143,-13571,-1439,2031,2025-01-29 11:31:51.571725,walking
-4399,1541,-304,-13262,-3376,-410,2025-01-29 11:31:51.587744,walking
-3710,1022,-461,-11903,-3631,-3005,2025-01-29 11:31:51.603393,walking
-3057,495,-510,-10905,-2205,-3920,2025-01-29 11:31:51.619005,walking
-2658,25,-318,-10427,-809,-2675,2025-01-29 11:31:51.634630,walking
-2529,-264,70,-10502,-1041,293,2025-01-29 11:31:51.650263,walking
-2979,-138,371,-10909,-2265,3920,2025-01-29 11:31:51.665880,walking
-3964,258,428,-11128,-2082,6242,2025-01-29 11:31:51.681520,walking
-4928,612,515,-11670,-679,5579,2025-01-29 11:31:51.697144,walking
-5524,836,376,-13072,-359,2780,2025-01-29 11:31:51.712757,walking
-5342,695,85,-14202,-1406,-267,2025-01-29 11:31:51.728399,walking
-4527,437,-148,-14380,-1854,-1612,2025-01-29 11:31:51.744017,walking
-3601,346,-233,-14322,-733,-1337,2025-01-29 11:31:51.775268,walking
-2963,338,-171,-14320,848,-369,2025-01-29 11:31:51.775268,walking
-2588,403,-69,-14212,2239,723,2025-01-29 11:31:51.790992,walking
-2576,433,6,-13886,2284,1846,2025-01-29 11:31:51.822164,walking
-2852,404,-118,-13475,1726,2753,2025-01-29 11:31:51.822164,walking
-3342,214,-214,-12773,2011,3365,2025-01-29 11:31:51.837757,walking
-3977,21,-208,-12032,2599,3553,2025-01-29 11:31:51.853387,walking
-4605,-113,27,-11605,2155,3186,2025-01-29 11:31:51.884641,walking
-5152,-255,269,-12031,419,1819,2025-01-29 11:31:51.900260,walking
-5091,-271,408,-12815,-1450,110,2025-01-29 11:31:51.900260,walking
-4509,-140,387,-13558,-2684,-790,2025-01-29 11:31:51.915883,walking
-3766,11,238,-14001,-2438,-1039,2025-01-29 11:31:51.947145,walking
-3321,104,66,-13422,-1374,-752,2025-01-29 11:31:51.962772,walking
-3064,164,51,-12554,-546,120,2025-01-29 11:31:51.978385,walking
-3095,111,178,-11707,-283,1447,2025-01-29 11:31:51.994007,walking
-3426,30,382,-11198,171,2040,2025-01-29 11:31:52.009678,walking
-3759,-60,654,-11128,673,1926,2025-01-29 11:31:52.025290,walking
-4003,-158,700,-11599,512,1503,2025-01-29 11:31:52.040887,walking
-4118,-321,387,-11865,-208,1135,2025-01-29 11:31:52.056523,walking
-4135,-407,145,-11232,-983,917,2025-01-29 11:31:52.072165,walking
-3944,-339,351,-10845,-985,1500,2025-01-29 11:31:52.103882,walking
-4031,-152,286,-10603,-636,2108,2025-01-29 11:31:52.103882,walking
-4216,-30,254,-9760,-1034,2057,2025-01-29 11:31:52.135120,walking
-4225,31,383,-8712,-1913,1596,2025-01-29 11:31:52.135120,walking
-3903,129,785,-8562,-2413,1468,2025-01-29 11:31:52.150742,walking
-3480,117,1263,-9220,-2149,1684,2025-01-29 11:31:52.166378,walking
-3067,206,1420,-10121,-1099,2325,2025-01-29 11:31:52.213249,walking
-2850,368,1302,-11362,330,3348,2025-01-29 11:31:52.213249,
-3269,442,517,-12353,1759,4014,2025-01-29 11:31:52.228870,walking
-3727,418,-301,-12063,3444,3653,2025-01-29 11:31:52.244499,walking
-4068,441,-857,-10021,5420,2684,2025-01-29 11:31:52.260152,walking
-4146,658,-329,-8100,5069,2613,2025-01-29 11:31:52.275767,walking
-4219,874,412,-8328,2110,3242,2025-01-29 11:31:52.297970,walking
-4020,850,691,-10755,-328,3466,2025-01-29 11:31:52.307544,walking
-3621,799,442,-13276,-530,3398,2025-01-29 11:31:52.323216,walking
-3213,792,-3,-14869,13,3519,2025-01-29 11:31:52.338839,walking
-3117,824,-236,-14759,889,4003,2025-01-29 11:31:52.354438,walking
-3328,773,-335,-13434,1549,4438,2025-01-29 11:31:52.370067,walking
-3787,732,-151,-11675,1213,4335,2025-01-29 11:31:52.385698,walking
-4153,561,417,-10759,-15,3976,2025-01-29 11:31:52.401318,walking
-4343,446,736,-11230,-808,3545,2025-01-29 11:31:52.416933,walking
-4457,217,735,-12041,-844,2924,2025-01-29 11:31:52.432579,walking
-4373,76,427,-12048,-719,2534,2025-01-29 11:31:52.448195,walking
-4162,53,171,-11508,-996,2749,2025-01-29 11:31:52.479434,walking
-3849,208,164,-11045,-1188,3147,2025-01-29 11:31:52.479434,walking
-3427,467,424,-10499,-435,3641,2025-01-29 11:31:52.510690,walking
-3327,647,716,-10157,162,4165,2025-01-29 11:31:52.526313,walking
-3491,749,919,-10274,289,4410,2025-01-29 11:31:52.541964,walking
-3719,737,901,-10479,904,4002,2025-01-29 11:31:52.557590,walking
-3793,612,752,-10491,1815,3223,2025-01-29 11:31:52.573220,walking
-3684,446,689,-10270,1863,2798,2025-01-29 11:31:52.589247,walking
-3457,352,673,-9924,1552,2904,2025-01-29 11:31:52.604981,walking
-3212,406,632,-9378,2068,3101,2025-01-29 11:31:52.620525,walking
-3222,510,653,-8851,3092,3027,2025-01-29 11:31:52.636139,walking
-3534,615,703,-8346,4192,2433,2025-01-29 11:31:52.651771,walking
-3857,637,759,-7952,4213,1597,2025-01-29 11:31:52.667390,walking
-4115,530,693,-7420,3235,663,2025-01-29 11:31:52.683023,walking
-4085,387,597,-6729,2039,-10,2025-01-29 11:31:52.698649,walking
-3779,275,536,-5869,1708,-171,2025-01-29 11:31:52.714260,walking
-3474,219,517,-5256,2813,-131,2025-01-29 11:31:52.745514,walking
-3186,325,577,-5294,4734,-315,2025-01-29 11:31:52.745514,walking
-3042,537,658,-5727,5210,-535,2025-01-29 11:31:52.761140,walking
-3201,726,658,-5629,4253,-321,2025-01-29 11:31:52.776760,walking
-3557,774,591,-4946,2978,87,2025-01-29 11:31:52.809301,walking
-3868,761,679,-4452,2503,409,2025-01-29 11:31:52.823970,walking
-4091,689,834,-4511,2610,228,2025-01-29 11:31:52.823970,walking
-4034,533,725,-4873,2775,-743,2025-01-29 11:31:52.855267,walking
-3784,457,485,-4764,2622,-1604,2025-01-29 11:31:52.870866,walking
-3521,445,456,-3944,2839,-1788,2025-01-29 11:31:52.886518,walking
-3476,480,805,-3157,2921,-1188,2025-01-29 11:31:52.902119,walking
-3623,448,1247,-3032,2364,-270,2025-01-29 11:31:52.917739,walking
-3763,273,1183,-3257,2892,-397,2025-01-29 11:31:52.933360,walking
-3736,5,801,-3105,4490,-1398,2025-01-29 11:31:52.948985,walking
-3655,-210,625,-2094,5833,-2367,2025-01-29 11:31:52.964616,walking
-3563,-373,363,-744,5131,-2834,2025-01-29 11:31:52.980235,walking
-3332,-467,522,559,4114,-2617,2025-01-29 11:31:52.995865,walking
-3354,-466,1161,1759,4326,-1786,2025-01-29 11:31:53.011504,walking
-3840,-364,1344,1416,3048,-1265,2025-01-29 11:31:53.027124,walking
-4560,68,1217,-594,-503,432,2025-01-29 11:31:53.042745,walking
-5369,596,269,-2589,-1853,3170,2025-01-29 11:31:53.058376,walking
-6364,1201,-1148,-4621,491,4229,2025-01-29 11:31:53.074095,walking
-6539,1961,-1321,-6725,1179,3164,2025-01-29 11:31:53.090118,walking
-5560,2286,-903,-7379,1166,1007,2025-01-29 11:31:53.110041,walking
-4490,1925,-659,-6194,366,-2572,2025-01-29 11:31:53.122144,walking
-3289,1173,-515,-3953,-807,-5566,2025-01-29 11:31:53.137790,walking
-2528,592,-290,-2259,-1604,-6812,2025-01-29 11:31:53.153410,walking
-1956,290,10,-1816,-2020,-6078,2025-01-29 11:31:53.169039,walking
-2094,272,153,-3264,-1659,-2608,2025-01-29 11:31:53.184663,walking
-3457,447,-107,-5146,-1860,1591,2025-01-29 11:31:53.200291,walking
-5122,709,-472,-6771,-2525,4625,2025-01-29 11:31:53.231534,walking
-6582,1015,-613,-7954,-2714,3972,2025-01-29 11:31:53.240891,walking
-6233,1265,-546,-8953,-4256,-307,2025-01-29 11:31:53.263042,walking
-4638,979,-372,-9577,-5188,-4419,2025-01-29 11:31:53.278667,walking
-3379,673,-346,-9588,-4503,-6174,2025-01-29 11:31:53.294299,walking
-2421,437,-236,-9557,-2953,-5926,2025-01-29 11:31:53.309990,walking
-1815,359,-154,-10070,-1739,-3464,2025-01-29 11:31:53.325571,walking
-1811,438,-302,-10429,-1340,133,2025-01-29 11:31:53.341168,walking
-2410,564,-472,-10429,-754,3363,2025-01-29 11:31:53.356821,walking
-3277,731,-477,-10577,469,4956,2025-01-29 11:31:53.372440,walking
-4156,757,-244,-10966,1312,4601,2025-01-29 11:31:53.388072,walking
-4931,678,157,-12062,709,2471,2025-01-29 11:31:53.403689,walking
-5005,666,400,-13436,-1015,635,2025-01-29 11:31:53.419299,walking
-4469,682,418,-15171,-2029,-58,2025-01-29 11:31:53.434917,walking
-3961,675,-55,-16252,-1058,-115,2025-01-29 11:31:53.450556,walking
-3626,620,-179,-16689,624,-101,2025-01-29 11:31:53.466168,walking
-3334,525,-456,-16138,1971,7,2025-01-29 11:31:53.481792,walking
-3122,341,-522,-15291,3064,466,2025-01-29 11:31:53.497418,walking
-3051,235,-487,-14882,3805,1187,2025-01-29 11:31:53.513048,walking
-3205,302,-242,-14256,4400,2372,2025-01-29 11:31:53.544310,walking
-3385,389,-33,-14190,4878,2858,2025-01-29 11:31:53.544310,walking
-3642,526,27,-14550,4818,2655,2025-01-29 11:31:53.559939,walking
-3689,554,-28,-14949,4130,2136,2025-01-29 11:31:53.591222,walking
-3737,461,-321,-15119,3161,1673,2025-01-29 11:31:53.606906,walking
-3788,126,-666,-14039,2495,1143,2025-01-29 11:31:53.622487,walking
-3741,-177,-705,-12156,1817,736,2025-01-29 11:31:53.638183,walking
-3804,-288,-267,-10417,1333,767,2025-01-29 11:31:53.657216,walking
-3794,-279,287,-9362,1199,838,2025-01-29 11:31:53.669831,walking
-3798,-141,576,-9785,1510,597,2025-01-29 11:31:53.685473,walking
-3770,33,404,-10607,1823,56,2025-01-29 11:31:53.701107,walking
-3601,250,278,-10727,1696,-492,2025-01-29 11:31:53.716723,walking
-3367,425,354,-9967,1295,-540,2025-01-29 11:31:53.732351,walking
-3230,453,422,-9293,1833,65,2025-01-29 11:31:53.747983,walking
-3522,449,410,-9246,2459,1148,2025-01-29 11:31:53.763604,walking
-4085,445,330,-9113,1605,1818,2025-01-29 11:31:53.779248,walking
-4638,490,429,-8664,1196,1584,2025-01-29 11:31:53.794853,walking
-4776,563,766,-8966,2198,175,2025-01-29 11:31:53.826198,walking
-4504,529,984,-10226,2429,-1234,2025-01-29 11:31:53.826198,walking
-4017,392,921,-11548,1417,-1796,2025-01-29 11:31:53.857345,
-3584,375,831,-11675,1163,-1242,2025-01-29 11:31:53.857345,walking
-3691,575,637,-11249,1749,-298,2025-01-29 11:31:53.888629,walking
-4138,732,3,-10586,1974,78,2025-01-29 11:31:53.935504,walking
-4334,797,-554,-9877,1348,-172,2025-01-29 11:31:53.935504,walking
-4266,822,-832,-9466,1543,-436,2025-01-29 11:31:53.951110,walking
-4289,864,-885,-10453,1151,-477,2025-01-29 11:31:53.951110,walking
-4300,1010,-835,-12973,-1049,-398,2025-01-29 11:31:53.967832,walking
-3969,1056,-771,-16229,-2223,28,2025-01-29 11:31:53.982727,walking
-3847,859,-996,-18278,-655,760,2025-01-29 11:31:53.998373,walking
-4165,382,-1566,-18134,777,1284,2025-01-29 11:31:54.013998,walking
-4394,-23,-1746,-15621,1155,1670,2025-01-29 11:31:54.029637,walking
-4580,-264,-1448,-13013,1249,1983,2025-01-29 11:31:54.045243,walking
-4653,-489,-981,-11324,442,1737,2025-01-29 11:31:54.060870,walking
-4388,-606,-687,-10979,-183,1280,2025-01-29 11:31:54.076520,walking
-3962,-534,-648,-11173,-542,1497,2025-01-29 11:31:54.092551,walking
-3624,-125,-618,-10935,-1341,2509,2025-01-29 11:31:54.108221,walking
-3446,327,-439,-10424,-1718,3331,2025-01-29 11:31:54.123849,walking
-3296,787,-265,-10132,-1980,3425,2025-01-29 11:31:54.139454,walking
-3127,1151,10,-9866,-2185,2792,2025-01-29 11:31:54.155077,walking
-2968,1343,127,-9925,-1685,2047,2025-01-29 11:31:54.170703,walking
-3012,1254,-43,-10401,-420,1630,2025-01-29 11:31:54.186327,walking
-3278,1098,-240,-11015,432,1572,2025-01-29 11:31:54.201956,walking
-3425,953,-507,-11237,1021,1754,2025-01-29 11:31:54.217574,walking
-3731,849,-526,-10535,2416,1984,2025-01-29 11:31:54.248822,walking
-4203,650,-547,-9584,1909,1634,2025-01-29 11:31:54.264447,walking
-4512,399,-484,-8252,-696,697,2025-01-29 11:31:54.280069,walking
-4321,248,-271,-7214,-2981,-222,2025-01-29 11:31:54.295714,walking
-3971,170,39,-7026,-4036,-895,2025-01-29 11:31:54.311328,walking
-3492,267,177,-7333,-3685,-1354,2025-01-29 11:31:54.327132,walking
-2996,493,159,-7836,-1805,-1632,2025-01-29 11:31:54.342599,walking
-2722,565,0,-7842,82,-1747,2025-01-29 11:31:54.358219,walking
-2812,471,-111,-6856,211,-1630,2025-01-29 11:31:54.373848,walking
-3032,341,-52,-5308,-818,-1562,2025-01-29 11:31:54.389454,walking
-3231,262,289,-3583,-963,-1866,2025-01-29 11:31:54.405176,walking
-3452,144,818,-2197,-1169,-2297,2025-01-29 11:31:54.420719,walking
-3639,87,1303,-1785,-2078,-2408,2025-01-29 11:31:54.436314,walking
-3726,13,1407,-2411,-2175,-2292,2025-01-29 11:31:54.451946,walking
-3753,10,1112,-3415,-768,-2051,2025-01-29 11:31:54.467572,walking
-3896,217,664,-4121,806,-1589,2025-01-29 11:31:54.483196,walking
-4067,479,437,-4174,849,-881,2025-01-29 11:31:54.498827,walking
-4354,627,557,-2722,-333,72,2025-01-29 11:31:54.514456,walking
-4616,606,946,-1405,-940,403,2025-01-29 11:31:54.545694,walking
-4724,443,1455,-967,-888,175,2025-01-29 11:31:54.561328,walking
-4570,167,1637,-1068,-123,50,2025-01-29 11:31:54.576951,walking
-4481,-158,1418,-660,-388,-69,2025-01-29 11:31:54.593017,walking
-4363,-458,882,772,-1722,-685,2025-01-29 11:31:54.608683,walking
-4187,-506,805,1799,-2326,-960,2025-01-29 11:31:54.624310,walking
-4182,-76,616,1608,-387,386,2025-01-29 11:31:54.655548,walking
-4446,703,388,-329,1328,2487,2025-01-29 11:31:54.671162,walking
-4552,1358,74,-3108,1671,3856,2025-01-29 11:31:54.671162,walking
-4655,1397,-616,-4742,577,3492,2025-01-29 11:31:54.686813,walking
-4402,916,-1213,-4091,-1225,1353,2025-01-29 11:31:54.702408,walking
-3952,82,-1654,-1840,-2248,-1004,2025-01-29 11:31:54.718044,walking
-3436,-672,-1892,985,-2824,-2414,2025-01-29 11:31:54.733661,walking
-2776,-1153,-1635,3886,-3225,-2289,2025-01-29 11:31:54.749282,walking
-2038,-989,-251,5634,-2148,911,2025-01-29 11:31:54.780531,walking
-2455,-211,714,4928,-801,3837,2025-01-29 11:31:54.796159,walking
-3497,529,1101,3031,924,5305,2025-01-29 11:31:54.843042,walking
-4990,1009,708,951,2428,4405,2025-01-29 11:31:54.843042,walking
-5914,1223,95,-66,2122,2173,2025-01-29 11:31:54.843042,walking
-6288,1045,-548,-64,-811,-1087,2025-01-29 11:31:54.843042,walking
-4962,510,-394,-346,-4384,-3915,2025-01-29 11:31:54.858674,walking
-3856,107,-126,-424,-5474,-4802,2025-01-29 11:31:54.874297,walking
-2919,-142,182,91,-4493,-4858,2025-01-29 11:31:54.889932,walking
-2046,-196,409,966,-2314,-3617,2025-01-29 11:31:54.921160,walking
-1764,-175,278,1440,-490,-1877,2025-01-29 11:31:54.936808,walking
-2064,-112,65,1716,1451,-545,2025-01-29 11:31:54.952419,walking
-2494,-14,-114,2261,3243,637,2025-01-29 11:31:54.968038,walking
-3120,143,-57,2830,3063,1605,2025-01-29 11:31:54.983663,walking
-3655,201,255,3264,1146,2137,2025-01-29 11:31:54.999287,walking
-4051,220,685,3142,-718,1955,2025-01-29 11:31:55.014918,walking
-4284,82,963,1946,-1316,789,2025-01-29 11:31:55.043593,walking
-4161,-194,887,727,-1551,-620,2025-01-29 11:31:55.051119,walking
-3878,-376,554,275,-3065,-873,2025-01-29 11:31:55.061647,walking
-3570,-419,543,151,-4631,-247,2025-01-29 11:31:55.077297,walking
-3331,-317,559,523,-5660,396,2025-01-29 11:31:55.093351,walking
-3197,-138,719,1394,-5553,676,2025-01-29 11:31:55.124654,walking
-3151,24,938,2234,-4922,545,2025-01-29 11:31:55.124654,walking
-3095,-44,980,2819,-4202,177,2025-01-29 11:31:55.140242,walking
-3107,-512,824,3439,-2170,135,2025-01-29 11:31:55.156247,walking
-3528,-780,818,4181,-584,751,2025-01-29 11:31:55.171510,walking
-3993,-643,1052,4695,-1265,1418,2025-01-29 11:31:55.187130,walking
-4159,-155,1154,4806,-1803,1652,2025-01-29 11:31:55.202758,walking
-4310,399,1404,4525,-826,1426,2025-01-29 11:31:55.218376,walking
-4339,699,1307,4034,1177,772,2025-01-29 11:31:55.233996,walking
-4326,752,1092,4172,3263,32,2025-01-29 11:31:55.249619,walking
-4370,752,844,3945,3075,-99,2025-01-29 11:31:55.265247,walking
-4471,513,594,3197,577,149,2025-01-29 11:31:55.296504,walking
-4671,-14,407,3252,-667,-904,2025-01-29 11:31:55.296504,walking
-4458,-619,155,3353,133,-2932,2025-01-29 11:31:55.312125,walking
-4133,-1103,-533,2393,2237,-4868,2025-01-29 11:31:55.343401,walking
-4331,-1448,-2258,2202,3943,-6562,2025-01-29 11:31:55.398851,walking
-4553,-1522,-3526,5151,4768,-7526,2025-01-29 11:31:55.398851,walking
-4317,-1177,-2983,10611,3636,-5450,2025-01-29 11:31:55.399913,walking
-4253,-552,-1628,16422,997,-1392,2025-01-29 11:31:55.401094,walking
-4684,-94,-133,19335,-1968,-301,2025-01-29 11:31:55.421758,walking
-4630,-71,716,17222,-2172,-2350,2025-01-29 11:31:55.437378,walking
-4379,-447,554,14051,-1697,-4852,2025-01-29 11:31:55.453008,walking
-4140,-798,-511,13511,-1711,-5605,2025-01-29 11:31:55.468633,walking
-3911,-668,-1416,15295,-1891,-4223,2025-01-29 11:31:55.484245,
-3864,-156,-1622,18323,-2005,-1966,2025-01-29 11:31:55.499880,walking
-4022,485,-1283,21747,-1686,-648,2025-01-29 11:31:55.515495,walking
-4402,984,-547,24368,-1938,-1373,2025-01-29 11:31:55.531139,walking
-4181,924,-141,24957,-2630,-3332,2025-01-29 11:31:55.562371,walking
-3840,541,28,24233,-1993,-4471,2025-01-29 11:31:55.562371,walking
-3454,122,16,23404,-326,-4381,2025-01-29 11:31:55.588531,walking
-3267,-30,-212,23390,923,-3667,2025-01-29 11:31:55.594047,walking
-3142,140,-618,24000,2140,-3285,2025-01-29 11:31:55.609692,walking
-3057,515,-942,24812,3710,-3118,2025-01-29 11:31:55.625314,walking
-2960,951,-1075,25700,4440,-2386,2025-01-29 11:31:55.640949,walking
-3003,1325,-965,26512,4315,-1133,2025-01-29 11:31:55.687925,walking
-3084,1421,-688,27238,4704,183,2025-01-29 11:31:55.687925,walking
-3564,1195,-218,27246,3921,1263,2025-01-29 11:31:55.703435,walking
-4021,716,40,26252,2229,1667,2025-01-29 11:31:55.703435,walking
-4365,491,36,24689,1045,827,2025-01-29 11:31:55.734694,walking
-4249,521,-106,23111,666,-330,2025-01-29 11:31:55.750308,walking
-3887,660,-124,22004,426,-804,2025-01-29 11:31:55.765936,walking
-3608,760,-76,20892,-36,-427,2025-01-29 11:31:55.781560,walking
-3565,726,-647,19885,-44,110,2025-01-29 11:31:55.797190,walking
-3706,588,-1195,20631,181,764,2025-01-29 11:31:55.812815,walking
-3894,505,-1139,22100,-633,1561,2025-01-29 11:31:55.828445,walking
-3890,631,-898,22447,-1431,1738,2025-01-29 11:31:55.849288,walking
-3460,928,-774,21771,-636,1289,2025-01-29 11:31:55.859751,walking
-3052,1157,-666,21604,798,305,2025-01-29 11:31:55.875396,walking
-2583,1404,-579,21780,2428,-677,2025-01-29 11:31:55.891015,walking
-2279,1417,-506,21821,2888,-846,2025-01-29 11:31:55.922299,walking
-2286,1363,-518,21110,2458,-333,2025-01-29 11:31:55.922299,walking
-2475,1175,-964,19396,2355,737,2025-01-29 11:31:55.937893,walking
-2594,1125,-1550,18256,4088,1957,2025-01-29 11:31:55.969154,walking
-2899,1129,-1816,18303,6740,3037,2025-01-29 11:31:55.969154,walking
-3264,1259,-1562,18781,7616,3687,2025-01-29 11:31:56.000389,walking
-3861,1270,-1214,19142,6032,4355,2025-01-29 11:31:56.000389,walking
-4695,1042,-914,18968,2423,4239,2025-01-29 11:31:56.016016,walking
-5445,553,-743,18726,-2632,2270,2025-01-29 11:31:56.031642,walking
-5509,1,-556,19001,-5847,-660,2025-01-29 11:31:56.062893,walking
-4821,-156,-466,18830,-4540,-1797,2025-01-29 11:31:56.078522,walking
-3997,-152,-564,17458,-2019,-1171,2025-01-29 11:31:56.089090,walking
-3278,168,-654,15299,448,172,2025-01-29 11:31:56.110262,walking
-2506,619,-1044,14854,1952,714,2025-01-29 11:31:56.125888,walking
-1838,1021,-1215,16654,4612,1365,2025-01-29 11:31:56.141522,walking
-1451,1387,-1008,18414,7285,3349,2025-01-29 11:31:56.188408,walking
-1840,1536,-780,18565,7950,7143,2025-01-29 11:31:56.188408,walking
-2941,1181,-577,17100,5637,9127,2025-01-29 11:31:56.188408,walking
-3768,913,-921,15527,3755,9110,2025-01-29 11:31:56.204013,walking
-4018,914,-1447,15028,3946,8014,2025-01-29 11:31:56.219642,walking
-4017,1040,-1448,15492,4610,7296,2025-01-29 11:31:56.235255,walking
-3698,1156,-1183,14791,3738,7709,2025-01-29 11:31:56.250880,walking
-3408,1117,-1028,13124,3073,8104,2025-01-29 11:31:56.266508,walking
-3041,1176,-1192,11614,2827,7959,2025-01-29 11:31:56.282145,walking
-2843,1189,-1434,11414,2404,7563,2025-01-29 11:31:56.297770,walking
-2661,1180,-1544,12340,2043,7635,2025-01-29 11:31:56.313387,walking
-2469,1118,-1441,12456,2307,8385,2025-01-29 11:31:56.329021,walking
-2421,999,-1620,11369,3379,9600,2025-01-29 11:31:56.344642,walking
-2511,935,-1732,10593,3898,10821,2025-01-29 11:31:56.360372,walking
-3106,996,-1693,10007,4317,11830,2025-01-29 11:31:56.375891,walking
-3422,1293,-1884,10575,3120,12417,2025-01-29 11:31:56.391545,walking
-3694,1388,-1706,11312,296,11783,2025-01-29 11:31:56.416478,walking
-3556,1592,-1579,11033,-926,10743,2025-01-29 11:31:56.423021,walking
-3297,1652,-1338,9442,-1539,9298,2025-01-29 11:31:56.438685,walking
-4362,1030,-995,8573,-10827,4240,2025-01-29 11:31:56.454313,walking
-2373,1120,-796,6314,-12735,-4091,2025-01-29 11:31:56.485540,walking
-1867,1145,-1141,5415,-5194,-4474,2025-01-29 11:31:56.485540,walking
-2025,1123,-1793,4451,2906,-1587,2025-01-29 11:31:56.516798,walking
-2436,1124,-2887,4315,7807,3306,2025-01-29 11:31:56.532411,walking
-3372,1373,-3412,6895,7306,9697,2025-01-29 11:31:56.548041,walking
-4826,1627,-2456,11490,2353,14553,2025-01-29 11:31:56.563674,walking
-5903,1672,-600,11190,-2415,10216,2025-01-29 11:31:56.579288,walking
-5481,1633,-218,6441,1655,260,2025-01-29 11:31:56.595357,walking
-4733,1763,-889,2470,4231,-5220,2025-01-29 11:31:56.611003,walking
-3966,1901,-1667,-126,2181,-6495,2025-01-29 11:31:56.626626,walking
-3755,1987,-2144,-902,-2546,-5113,2025-01-29 11:31:56.642361,walking
-4263,1725,-1994,-1532,-7276,-3705,2025-01-29 11:31:56.657911,walking
-4921,1336,-2034,-2155,-10059,-4890,2025-01-29 11:31:56.673528,walking
-5233,1267,-1974,-2951,-10952,-7474,2025-01-29 11:31:56.689159,walking
-4854,1313,-1704,-5315,-9592,-11338,2025-01-29 11:31:56.704773,walking
-4274,1243,-2133,-5254,-8971,-12645,2025-01-29 11:31:56.720406,walking
-5263,580,-2358,-3209,-11839,-11971,2025-01-29 11:31:56.736002,walking
-5712,326,-2286,-457,-17308,-11044,2025-01-29 11:31:56.751621,walking
-5504,413,-1911,-524,-17381,-10270,2025-01-29 11:31:56.782880,walking
-5232,520,-1302,-2619,-15328,-9474,2025-01-29 11:31:56.782880,walking
-4852,972,-1208,-3106,-16957,-8015,2025-01-29 11:31:56.798500,walking
-4700,1098,-748,-1525,-17185,-6659,2025-01-29 11:31:56.829759,walking
-4598,1053,76,-1171,-14017,-5602,2025-01-29 11:31:56.852924,walking
-4742,650,542,-3038,-10901,-5152,2025-01-29 11:31:56.861191,walking
-4744,122,-98,-5165,-10026,-5368,2025-01-29 11:31:56.876867,walking
-4502,-297,-713,-5464,-10594,-5617,2025-01-29 11:31:56.892481,walking
-4014,-438,-567,-4335,-11573,-4839,2025-01-29 11:31:56.908194,walking
-3571,-475,185,-3460,-10956,-3777,2025-01-29 11:31:56.923736,walking
-2933,-368,790,-3695,-6343,-3125,2025-01-29 11:31:56.940230,walking
-2931,-406,384,-4300,-2007,-3234,2025-01-29 11:31:56.955269,walking
-3123,-455,-30,-4100,-1385,-3512,2025-01-29 11:31:56.970922,walking
-3129,-490,-415,-3340,-3179,-3267,2025-01-29 11:31:57.002156,walking
-3288,-505,-542,-2101,-4570,-2604,2025-01-29 11:31:57.002156,walking
-3756,-394,-67,-1553,-5584,-1932,2025-01-29 11:31:57.031933,walking
-4303,-51,461,-2202,-7242,-1915,2025-01-29 11:31:57.049092,walking
-4471,88,485,-2668,-8826,-2443,2025-01-29 11:31:57.064731,walking
-4441,96,220,-2262,-10484,-3091,2025-01-29 11:31:57.080358,walking
-4092,22,9,-1573,-11187,-3072,2025-01-29 11:31:57.096423,walking
-3837,-180,183,-281,-10990,-2703,2025-01-29 11:31:57.112071,walking
-3545,-349,962,396,-10623,-2134,2025-01-29 11:31:57.127697,
-3185,-240,1614,-511,-9626,-1721,2025-01-29 11:31:57.143310,walking
-3195,-302,1493,-836,-8263,-1779,2025-01-29 11:31:57.158968,walking
-3220,-382,1155,-3,-5767,-1816,2025-01-29 11:31:57.174593,walking
-3152,-450,853,674,-3488,-1035,2025-01-29 11:31:57.190211,walking
-3253,-704,763,1533,-1992,10,2025-01-29 11:31:57.205836,walking
-2956,-507,1469,1302,-1071,1120,2025-01-29 11:31:57.221461,walking
-3491,-539,1451,89,23,1068,2025-01-29 11:31:57.248606,walking
-3783,-639,1161,516,1046,-320,2025-01-29 11:31:57.253124,sitting
-3945,-582,1092,1250,478,-838,2025-01-29 11:31:57.268762,sitting
-3904,-437,1199,1053,-717,-380,2025-01-29 11:31:57.284389,sitting
-3844,-327,1203,432,-517,-101,2025-01-29 11:31:57.300013,sitting
-3728,-234,1027,47,-39,-534,2025-01-29 11:31:57.315640,sitting
-3571,-205,983,136,-589,-805,2025-01-29 11:31:57.331289,sitting
-3457,-132,977,156,-1321,-583,2025-01-29 11:31:57.346894,sitting
-3455,-61,941,314,-2155,-89,2025-01-29 11:31:57.362517,sitting
-3578,5,1087,515,-2541,55,2025-01-29 11:31:57.393795,sitting
-3519,40,1201,720,-2531,-64,2025-01-29 11:31:57.410725,sitting
-3453,38,1260,933,-2187,-111,2025-01-29 11:31:57.425494,sitting
-3514,-44,1375,823,-1967,-236,2025-01-29 11:31:57.441140,sitting
-3564,-103,1396,409,-1813,-275,2025-01-29 11:31:57.456791,sitting
-3599,-102,1384,21,-1701,-210,2025-01-29 11:31:57.472479,sitting
-3684,-105,1267,-332,-1831,-225,2025-01-29 11:31:57.488035,sitting
-3702,-142,1106,-304,-2132,-316,2025-01-29 11:31:57.503661,sitting
-3647,-176,1052,-56,-2281,-298,2025-01-29 11:31:57.519272,sitting
-3556,-249,1091,263,-2461,-98,2025-01-29 11:31:57.534897,sitting
-3484,-265,1231,354,-2447,67,2025-01-29 11:31:57.550536,sitting
-3327,-177,1418,151,-2111,152,2025-01-29 11:31:57.566140,sitting
-3223,-74,1444,-53,-1219,321,2025-01-29 11:31:57.589816,sitting
-3263,-47,1439,-236,-467,362,2025-01-29 11:31:57.597847,sitting
-3430,-40,1278,-259,-114,350,2025-01-29 11:31:57.613511,sitting
-3633,-43,1279,-125,-184,479,2025-01-29 11:31:57.629122,sitting
-3775,21,1375,-46,-398,596,2025-01-29 11:31:57.660365,sitting
-3856,68,1497,-234,-843,373,2025-01-29 11:31:57.660365,sitting
-3676,-26,1541,-660,-1169,-47,2025-01-29 11:31:57.675987,sitting
-3294,-134,1454,-837,-548,13,2025-01-29 11:31:57.691632,sitting
-3187,-114,1381,-881,207,449,2025-01-29 11:31:57.707240,sitting
-3301,-44,1361,-957,624,418,2025-01-29 11:31:57.722863,sitting
-3607,114,1304,-1077,634,64,2025-01-29 11:31:57.738493,sitting
-3882,252,1329,-1392,78,-576,2025-01-29 11:31:57.754128,sitting
-3992,237,1280,-1906,-579,-1221,2025-01-29 11:31:57.779083,sitting
-3773,121,1154,-2125,-966,-1343,2025-01-29 11:31:57.801230,sitting
-3494,-51,1006,-1847,-708,-852,2025-01-29 11:31:57.816855,sitting
-3363,-96,1087,-1655,-156,-231,2025-01-29 11:31:57.832499,sitting
-3474,-18,1213,-1817,-112,195,2025-01-29 11:31:57.848171,sitting
-3555,48,1215,-1934,-298,71,2025-01-29 11:31:57.863757,sitting
-3528,43,1234,-1887,-208,-271,2025-01-29 11:31:57.879372,sitting
-3469,-10,1272,-1752,38,-507,2025-01-29 11:31:57.895004,sitting
-3439,-71,1307,-1595,178,-493,2025-01-29 11:31:57.910615,sitting
-3409,-205,1400,-1502,596,-234,2025-01-29 11:31:57.926257,sitting
-3503,-266,1450,-1619,1222,127,2025-01-29 11:31:57.941879,sitting
-3694,-289,1308,-1835,1262,286,2025-01-29 11:31:57.957484,sitting
-3776,-276,1226,-1905,404,266,2025-01-29 11:31:57.973123,sitting
-3755,-243,1190,-1771,-698,90,2025-01-29 11:31:57.988756,sitting
-3647,-184,1242,-1559,-1234,-115,2025-01-29 11:31:58.004356,sitting
-3476,-193,1418,-1501,-944,-308,2025-01-29 11:31:58.020003,sitting
-3350,-176,1502,-1741,22,-372,2025-01-29 11:31:58.035623,sitting
-3396,-199,1419,-2071,709,-257,2025-01-29 11:31:58.066857,sitting
-3553,-250,1337,-2195,436,-183,2025-01-29 11:31:58.082486,sitting
-3607,-239,1232,-2045,-341,-161,2025-01-29 11:31:58.090002,sitting
-3612,-172,1162,-1759,-1143,-236,2025-01-29 11:31:58.129803,sitting
-3584,-110,1200,-1686,-1296,-378,2025-01-29 11:31:58.129803,sitting
-3556,-98,1336,-1730,-968,-517,2025-01-29 11:31:58.145444,sitting
-3540,-164,1408,-1819,-395,-545,2025-01-29 11:31:58.161058,sitting
-3631,-194,1314,-1891,-120,-530,2025-01-29 11:31:58.176705,sitting
-3689,-252,1224,-1754,-627,-482,2025-01-29 11:31:58.192332,sitting
-3622,-257,1240,-1572,-1072,-513,2025-01-29 11:31:58.207936,sitting
-3544,-270,1291,-1519,-975,-618,2025-01-29 11:31:58.223576,sitting
-3428,-276,1338,-1471,-650,-665,2025-01-29 11:31:58.239211,sitting
-3370,-296,1320,-1296,-62,-489,2025-01-29 11:31:58.264000,sitting
-3433,-305,1293,-1002,197,-317,2025-01-29 11:31:58.270536,sitting
-3498,-286,1327,-787,225,-76,2025-01-29 11:31:58.286174,sitting
-3584,-318,1349,-787,233,-52,2025-01-29 11:31:58.301811,sitting
-3602,-322,1437,-1049,263,-231,2025-01-29 11:31:58.317430,sitting
-3537,-344,1437,-1195,170,-389,2025-01-29 11:31:58.333048,sitting
-3516,-311,1432,-1159,2,-445,2025-01-29 11:31:58.348675,sitting
-3442,-345,1366,-1050,-78,-434,2025-01-29 11:31:58.364302,sitting
-3419,-303,1379,-819,-22,-237,2025-01-29 11:31:58.379926,sitting
-3450,-227,1384,-761,176,-106,2025-01-29 11:31:58.395564,sitting
-3536,-169,1415,-878,200,-187,2025-01-29 11:31:58.411182,sitting
-3539,-187,1418,-1065,92,-381,2025-01-29 11:31:58.426811,sitting
-3500,-259,1362,-1063,-7,-440,2025-01-29 11:31:58.442535,sitting
-3516,-309,1344,-876,-78,-231,2025-01-29 11:31:58.458159,sitting
-3572,-350,1353,-771,-67,-76,2025-01-29 11:31:58.473675,sitting
-3657,-397,1329,-763,-325,-163,2025-01-29 11:31:58.489303,sitting
-3483,-282,1315,-670,-478,-167,2025-01-29 11:31:58.504935,sitting
-3437,-265,1375,-632,-290,-160,2025-01-29 11:31:58.536197,sitting
-3459,-291,1347,-582,-85,-226,2025-01-29 11:31:58.551802,sitting
-3537,-364,1353,-442,152,-158,2025-01-29 11:31:58.567426,sitting
-3617,-353,1324,-463,-13,-63,2025-01-29 11:31:58.583072,sitting
-3614,-327,1288,-492,-258,-137,2025-01-29 11:31:58.599093,sitting
-3509,-323,1272,-488,-304,-306,2025-01-29 11:31:58.614741,sitting
-3386,-355,1378,-419,-312,-287,2025-01-29 11:31:58.630357,sitting
-3420,-340,1409,-307,-145,-238,2025-01-29 11:31:58.645982,sitting
-3490,-321,1473,-276,205,-156,2025-01-29 11:31:58.661614,sitting
-3589,-271,1435,-367,391,-61,2025-01-29 11:31:58.677254,sitting
-3611,-251,1397,-450,32,-44,2025-01-29 11:31:58.692893,sitting
-3530,-234,1378,-440,-191,-153,2025-01-29 11:31:58.708485,sitting
-3398,-240,1486,-425,-109,-204,2025-01-29 11:31:58.739761,sitting
-3387,-235,1523,-457,145,-248,2025-01-29 11:31:58.739761,sitting
-3432,-290,1540,-391,345,-218,2025-01-29 11:31:58.755364,
-3508,-305,1418,-298,452,-168,2025-01-29 11:31:58.786614,sitting
-3582,-267,1365,-259,381,-179,2025-01-29 11:31:58.802233,sitting
-3588,-265,1366,-362,51,-273,2025-01-29 11:31:58.817855,sitting
-3522,-313,1394,-450,-179,-333,2025-01-29 11:31:58.817855,sitting
-3422,-307,1386,-402,-55,-339,2025-01-29 11:31:58.849120,sitting
-3392,-304,1436,-357,307,-243,2025-01-29 11:31:58.864730,sitting
-3460,-295,1401,-400,628,-168,2025-01-29 11:31:58.880363,sitting
-3572,-294,1361,-392,533,-163,2025-01-29 11:31:58.895990,sitting
-3615,-255,1361,-408,224,-165,2025-01-29 11:31:58.911607,sitting
-3573,-250,1340,-510,64,-288,2025-01-29 11:31:58.927285,sitting
-3519,-292,1382,-631,29,-316,2025-01-29 11:31:58.942861,sitting
-3463,-322,1411,-621,153,-215,2025-01-29 11:31:58.958871,sitting
-3456,-327,1390,-481,505,-218,2025-01-29 11:31:58.974357,sitting
-3536,-327,1354,-380,569,-179,2025-01-29 11:31:58.989761,sitting
-3562,-297,1356,-344,379,-148,2025-01-29 11:31:59.005386,sitting
-3579,-261,1370,-443,243,-169,2025-01-29 11:31:59.021005,sitting
-3621,-277,1453,-625,-127,-239,2025-01-29 11:31:59.052235,sitting
-3578,-264,1463,-904,-587,-287,2025-01-29 11:31:59.052235,sitting
-3528,-240,1399,-1192,-842,-321,2025-01-29 11:31:59.067873,sitting
-3550,-203,1378,-1299,-624,-234,2025-01-29 11:31:59.099536,sitting
-3599,-309,1536,-1446,-516,-238,2025-01-29 11:31:59.099536,sitting
-3597,-467,1829,-1622,-1542,-82,2025-01-29 11:31:59.159042,sitting
-3344,-325,1664,-1785,-961,118,2025-01-29 11:31:59.162557,sitting
-3209,-249,1189,-1353,886,183,2025-01-29 11:31:59.162557,sitting
-3373,-330,835,-855,916,-39,2025-01-29 11:31:59.162557,sitting
-3461,-530,900,-124,-371,-230,2025-01-29 11:31:59.193821,sitting
-3355,-443,1325,554,-1083,247,2025-01-29 11:31:59.209447,sitting
-3294,-210,1710,332,-283,849,2025-01-29 11:31:59.225076,sitting
-3402,-75,1576,-248,1137,809,2025-01-29 11:31:59.240702,sitting
-3617,-110,1399,-509,1608,366,2025-01-29 11:31:59.256324,sitting
-3727,-227,1337,-590,917,-83,2025-01-29 11:31:59.271943,sitting
-3668,-307,1333,-708,-528,-296,2025-01-29 11:31:59.287578,sitting
-3495,-337,1310,-710,-645,-144,2025-01-29 11:31:59.303209,sitting
-3491,-367,1422,-504,-771,70,2025-01-29 11:31:59.318820,sitting
-3423,-333,1476,-255,-842,280,2025-01-29 11:31:59.350075,sitting
-3416,-277,1508,-86,-299,290,2025-01-29 11:31:59.350075,sitting
-3475,-246,1701,-146,427,169,2025-01-29 11:31:59.369549,sitting
-3441,-226,1620,-538,824,198,2025-01-29 11:31:59.382062,sitting
-3540,-274,1503,-620,693,283,2025-01-29 11:31:59.397704,sitting
-3606,-314,1438,-504,-36,414,2025-01-29 11:31:59.413335,sitting
-3562,-231,1399,-89,-463,320,2025-01-29 11:31:59.428963,sitting
-3442,-174,1463,-233,-297,99,2025-01-29 11:31:59.444584,sitting
-3482,-225,1335,-717,-20,-128,2025-01-29 11:31:59.460197,sitting
-3535,-264,1196,-837,-717,-64,2025-01-29 11:31:59.491455,sitting
-3617,-309,1214,-649,-1267,-36,2025-01-29 11:31:59.507100,sitting
-3591,-339,1373,-459,-1363,-46,2025-01-29 11:31:59.538820,sitting
-3525,-271,1602,-494,-1274,-184,2025-01-29 11:31:59.538820,sitting
-3399,-218,1656,-667,-821,-192,2025-01-29 11:31:59.554449,sitting
-3416,-261,1636,-745,-237,-168,2025-01-29 11:31:59.570065,sitting
-3524,-268,1546,-783,-419,-37,2025-01-29 11:31:59.601736,sitting
-3539,-251,1477,-692,-657,1,2025-01-29 11:31:59.601736,sitting
-3540,-226,1452,-607,-480,-138,2025-01-29 11:31:59.617388,sitting
-3509,-227,1485,-583,-560,-319,2025-01-29 11:31:59.633035,sitting
-3410,-252,1540,-574,-728,-316,2025-01-29 11:31:59.648626,sitting
-3351,-242,1529,-563,-638,-177,2025-01-29 11:31:59.664252,sitting
-3338,-247,1509,-527,-223,-8,2025-01-29 11:31:59.679881,sitting
-3402,-218,1550,-549,72,81,2025-01-29 11:31:59.695501,sitting
-3423,-195,1643,-761,222,-30,2025-01-29 11:31:59.711135,sitting
-3451,-235,1622,-916,401,-163,2025-01-29 11:31:59.726789,sitting
-3532,-244,1590,-999,271,-204,2025-01-29 11:31:59.742486,sitting
-3577,-261,1533,-1011,-81,-216,2025-01-29 11:31:59.758015,sitting
-3538,-285,1504,-925,-463,-243,2025-01-29 11:31:59.773627,sitting
-3443,-253,1536,-824,-578,-242,2025-01-29 11:31:59.789253,sitting
-3402,-235,1592,-818,-494,-92,2025-01-29 11:31:59.804875,sitting
-3430,-218,1560,-885,-449,-73,2025-01-29 11:31:59.820511,sitting
-3469,-241,1504,-956,-655,-120,2025-01-29 11:31:59.851756,sitting
-3548,-284,1498,-974,-888,-279,2025-01-29 11:31:59.867379,sitting
-3514,-288,1538,-858,-1122,-378,2025-01-29 11:31:59.883019,sitting
-3394,-300,1554,-692,-963,-354,2025-01-29 11:31:59.898631,sitting
-3318,-258,1533,-522,-565,-185,2025-01-29 11:31:59.914254,sitting
-3287,-268,1552,-356,-264,16,2025-01-29 11:31:59.936436,sitting
-3361,-255,1590,-394,3,33,2025-01-29 11:31:59.945625,sitting
-3389,-242,1638,-579,268,-13,2025-01-29 11:31:59.961269,sitting
-3459,-283,1608,-783,469,-93,2025-01-29 11:31:59.976896,sitting
-3504,-286,1609,-815,389,-269,2025-01-29 11:31:59.992630,sitting
-3478,-264,1570,-746,89,-246,2025-01-29 11:32:00.008148,sitting
-3428,-319,1598,-686,-136,-211,2025-01-29 11:32:00.023773,sitting
-3348,-338,1648,-750,-60,-207,2025-01-29 11:32:00.039408,sitting
-3337,-312,1630,-831,192,-124,2025-01-29 11:32:00.070685,sitting
-3382,-266,1658,-900,422,-120,2025-01-29 11:32:00.070685,sitting
-3457,-308,1628,-1009,481,-133,2025-01-29 11:32:00.102330,sitting
-3497,-281,1559,-969,375,-159,2025-01-29 11:32:00.117967,sitting
-3564,-266,1446,-844,76,-239,2025-01-29 11:32:00.133600,sitting
-3507,-314,1422,-635,-217,-365,2025-01-29 11:32:00.149243,sitting
-3435,-302,1530,-546,-238,-378,2025-01-29 11:32:00.164853,sitting
-3321,-274,1657,-614,-204,-258,2025-01-29 11:32:00.180466,sitting
-3375,-284,1785,-837,-84,-158,2025-01-29 11:32:00.196103,sitting
-3372,-246,1613,-1083,-68,-212,2025-01-29 11:32:00.211728,sitting
-3357,-267,1511,-960,50,-179,2025-01-29 11:32:00.227355,sitting
-3408,-271,1529,-718,335,-81,2025-01-29 11:32:00.243000,sitting
-3478,-252,1566,-606,335,-43,2025-01-29 11:32:00.258605,sitting
-3483,-240,1614,-662,206,-77,2025-01-29 11:32:00.274234,sitting
-3489,-233,1602,-944,-40,-207,2025-01-29 11:32:00.289873,sitting
-3429,-281,1572,-1095,-209,-375,2025-01-29 11:32:00.305563,sitting
-3348,-303,1552,-1126,-23,-421,2025-01-29 11:32:00.321124,sitting
-3311,-347,1579,-1076,190,-314,2025-01-29 11:32:00.336730,sitting
-3364,-279,1547,-942,221,-95,2025-01-29 11:32:00.352343,sitting
-3474,-293,1553,-806,120,46,2025-01-29 11:32:00.367972,sitting
-3531,-295,1606,-846,-75,-97,2025-01-29 11:32:00.383593,sitting
-3464,-314,1648,-980,-381,-236,2025-01-29 11:32:00.399228,
-3375,-325,1684,-1102,-399,-367,2025-01-29 11:32:00.414843,sitting
-3245,-316,1733,-1150,112,-382,2025-01-29 11:32:00.430471,sitting
-3264,-280,1663,-1159,653,-142,2025-01-29 11:32:00.446106,sitting
-3405,-291,1606,-1106,583,11,2025-01-29 11:32:00.461733,sitting
-3542,-303,1520,-1126,529,-19,2025-01-29 11:32:00.477345,sitting
-3569,-319,1508,-1059,274,-213,2025-01-29 11:32:00.512719,sitting
-3456,-344,1574,-1046,-150,-201,2025-01-29 11:32:00.524491,sitting
-3314,-388,1651,-1100,-148,-94,2025-01-29 11:32:00.540153,sitting
-3314,-392,1633,-1182,202,105,2025-01-29 11:32:00.571410,sitting
-3419,-387,1581,-1169,411,116,2025-01-29 11:32:00.591053,sitting
-3507,-309,1495,-1159,196,95,2025-01-29 11:32:00.603077,sitting
-3593,-310,1480,-1122,-332,-82,2025-01-29 11:32:00.603077,sitting
-3519,-323,1556,-1124,-716,-290,2025-01-29 11:32:00.618751,sitting
-3442,-315,1691,-1255,-1016,-325,2025-01-29 11:32:00.634370,sitting
-3372,-297,1639,-1270,-983,-261,2025-01-29 11:32:00.649971,sitting
-3344,-372,1639,-1145,-847,-211,2025-01-29 11:32:00.665604,sitting
-3339,-402,1618,-963,-498,-126,2025-01-29 11:32:00.681220,sitting
-3361,-414,1583,-862,-336,-41,2025-01-29 11:32:00.696846,sitting
-3362,-405,1520,-778,-280,27,2025-01-29 11:32:00.728097,sitting
-3419,-363,1585,-741,-276,35,2025-01-29 11:32:00.728097,sitting
-3458,-363,1598,-783,-439,-61,2025-01-29 11:32:00.743719,sitting
-3484,-362,1578,-814,-1035,-195,2025-01-29 11:32:00.775006,sitting
-3411,-364,1671,-835,-1178,-221,2025-01-29 11:32:00.790594,sitting
-3269,-340,1672,-831,-781,-118,2025-01-29 11:32:00.806218,sitting
-3227,-353,1772,-878,-28,19,2025-01-29 11:32:00.806218,sitting
-3318,-399,1653,-926,319,93,2025-01-29 11:32:00.821845,sitting
-3523,-385,1629,-857,67,56,2025-01-29 11:32:00.837474,sitting
-3528,-334,1556,-745,-239,-125,2025-01-29 11:32:00.853094,sitting
-3452,-346,1579,-632,-358,-186,2025-01-29 11:32:00.868719,sitting
-3392,-356,1666,-619,-917,-217,2025-01-29 11:32:00.899976,sitting
-3313,-330,1683,-615,-952,-133,2025-01-29 11:32:00.915608,sitting
-3223,-343,1709,-685,-501,-42,2025-01-29 11:32:00.931222,sitting
-3251,-365,1694,-849,-113,-28,2025-01-29 11:32:00.946847,sitting
-3290,-374,1687,-943,110,-35,2025-01-29 11:32:00.962483,sitting
-3355,-395,1659,-637,123,21,2025-01-29 11:32:00.978111,sitting
-3421,-370,1705,-324,-66,57,2025-01-29 11:32:00.993717,sitting
-3422,-311,1830,-424,-421,3,2025-01-29 11:32:01.009368,sitting
-3334,-324,1819,-616,-363,-80,2025-01-29 11:32:01.024980,sitting
-3300,-350,1693,-659,57,-78,2025-01-29 11:32:01.040609,sitting
-3366,-375,1604,-557,211,-83,2025-01-29 11:32:01.056224,sitting
-3422,-382,1608,-538,-70,-125,2025-01-29 11:32:01.071896,sitting
-3422,-404,1598,-560,-477,-109,2025-01-29 11:32:01.091586,sitting
-3370,-365,1645,-670,-882,-39,2025-01-29 11:32:01.103691,sitting
-3345,-370,1665,-698,-870,-111,2025-01-29 11:32:01.119342,sitting
-3293,-350,1686,-684,-485,-242,2025-01-29 11:32:01.134966,sitting
-3347,-380,1736,-666,-246,-236,2025-01-29 11:32:01.150585,sitting
-3370,-408,1688,-584,-127,-153,2025-01-29 11:32:01.181868,sitting
-3360,-359,1812,-673,-13,-110,2025-01-29 11:32:01.197471,sitting
-3372,-340,1848,-839,-27,-216,2025-01-29 11:32:01.213081,sitting
-3260,-363,1747,-820,97,-309,2025-01-29 11:32:01.228710,sitting
-3199,-383,1680,-529,318,-291,2025-01-29 11:32:01.244337,sitting
-3250,-372,1712,-261,702,-108,2025-01-29 11:32:01.244337,sitting
-3312,-349,1727,-202,828,6,2025-01-29 11:32:01.275614,sitting
-3412,-343,1756,-325,629,7,2025-01-29 11:32:01.291204,sitting
-3435,-345,1705,-402,403,-200,2025-01-29 11:32:01.306860,sitting
-3399,-351,1700,-547,230,-498,2025-01-29 11:32:01.322454,sitting
-3354,-371,1686,-587,286,-682,2025-01-29 11:32:01.338105,sitting
-3328,-420,1689,-555,294,-651,2025-01-29 11:32:01.353710,sitting
-3367,-464,1724,-473,317,-506,2025-01-29 11:32:01.369328,sitting
-3408,-460,1709,-373,303,-412,2025-01-29 11:32:01.384953,sitting
-3400,-427,1617,-104,165,-483,2025-01-29 11:32:01.400578,sitting
-3284,-394,1607,244,165,-532,2025-01-29 11:32:01.416223,sitting
-3209,-369,1698,393,525,-548,2025-01-29 11:32:01.431830,sitting
-3240,-333,1790,318,801,-604,2025-01-29 11:32:01.447458,sitting
-3408,-376,1725,211,898,-546,2025-01-29 11:32:01.463095,sitting
-3494,-369,1645,159,829,-523,2025-01-29 11:32:01.494333,sitting
-3549,-421,1556,329,612,-612,2025-01-29 11:32:01.494333,sitting
-3509,-455,1628,706,141,-764,2025-01-29 11:32:01.525581,sitting
-3338,-410,1663,884,109,-880,2025-01-29 11:32:01.525581,sitting
-3219,-431,1638,1009,261,-805,2025-01-29 11:32:01.556833,sitting
-3299,-425,1593,1176,352,-746,2025-01-29 11:32:01.572471,sitting
-3391,-411,1551,1321,221,-726,2025-01-29 11:32:01.591667,sitting
-3500,-405,1607,1426,-163,-728,2025-01-29 11:32:01.604186,sitting
-3570,-363,1616,1289,-648,-848,2025-01-29 11:32:01.619824,sitting
-3432,-365,1708,1087,-826,-1132,2025-01-29 11:32:01.635452,sitting
-3273,-435,1693,1152,-560,-1272,2025-01-29 11:32:01.651103,sitting
-3239,-498,1743,1293,-245,-1180,2025-01-29 11:32:01.666704,sitting
-3265,-500,1737,1317,68,-971,2025-01-29 11:32:01.682327,sitting
-3348,-410,1706,1460,286,-797,2025-01-29 11:32:01.697951,sitting
-3419,-315,1734,1459,166,-885,2025-01-29 11:32:01.713581,sitting
-3419,-236,1632,1446,-62,-1083,2025-01-29 11:32:01.729203,sitting
-3332,-294,1719,1506,29,-1079,2025-01-29 11:32:01.744832,sitting
-3256,-309,1815,1434,12,-1004,2025-01-29 11:32:01.760456,sitting
-3264,-330,1810,1278,39,-958,2025-01-29 11:32:01.776087,sitting
-3202,-368,1767,1269,708,-855,2025-01-29 11:32:01.791717,sitting
-3291,-359,1704,1491,1395,-795,2025-01-29 11:32:01.822978,sitting
-3402,-361,1705,1638,1209,-825,2025-01-29 11:32:01.822978,sitting
-3462,-343,1698,1794,646,-856,2025-01-29 11:32:01.838584,sitting
-3395,-282,1674,1821,348,-882,2025-01-29 11:32:01.869835,sitting
-3300,-307,1730,1682,435,-853,2025-01-29 11:32:01.886869,sitting
-3219,-312,1704,1546,969,-818,2025-01-29 11:32:01.901440,sitting
-3272,-340,1678,1627,1356,-673,2025-01-29 11:32:01.917086,sitting
-3410,-371,1678,1672,1365,-591,2025-01-29 11:32:01.937103,sitting
-3498,-360,1627,1767,1144,-547,2025-01-29 11:32:01.955926,sitting
-3530,-307,1614,1840,666,-557,2025-01-29 11:32:01.955926,sitting
-3480,-263,1649,1705,-33,-675,2025-01-29 11:32:01.971542,sitting
-3419,-249,1754,1472,-248,-902,2025-01-29 11:32:01.987165,sitting
-3309,-313,1787,1127,-133,-1041,2025-01-29 11:32:02.018414,sitting
-3279,-368,1685,965,-142,-946,2025-01-29 11:32:02.034043,sitting
-3235,-429,1682,1239,-195,-723,2025-01-29 11:32:02.049669,
-3203,-367,1751,1516,109,-447,2025-01-29 11:32:02.065294,sitting
-3191,-268,1880,1573,838,-177,2025-01-29 11:32:02.080917,sitting
-3250,-164,1978,1258,1291,-94,2025-01-29 11:32:02.096944,sitting
-3355,-37,1946,788,1417,-197,2025-01-29 11:32:02.112580,sitting
-3434,-165,1925,500,1248,-462,2025-01-29 11:32:02.128210,sitting
-3393,-241,1986,314,1158,-651,2025-01-29 11:32:02.143835,sitting
-3188,-279,1985,-76,1557,-679,2025-01-29 11:32:02.159456,sitting
-3041,-336,1881,-445,2360,-454,2025-01-29 11:32:02.187065,sitting
-3179,-360,1709,-523,3059,-99,2025-01-29 11:32:02.193827,sitting
-3463,-316,1535,-272,2989,88,2025-01-29 11:32:02.221994,sitting
-3600,-191,1495,82,2770,262,2025-01-29 11:32:02.221994,sitting
-3675,-169,1590,-24,2550,237,2025-01-29 11:32:02.253234,sitting
-3750,-157,1689,-525,923,-39,2025-01-29 11:32:02.268871,sitting
-3618,-58,1670,-1115,-487,-272,2025-01-29 11:32:02.284490,sitting
-3405,9,1511,-1361,-255,-470,2025-01-29 11:32:02.300109,sitting
-3219,-116,1378,-1179,471,-486,2025-01-29 11:32:02.315737,sitting
-3301,-173,1412,-1100,544,-195,2025-01-29 11:32:02.331373,sitting
-3457,-231,1494,-1166,-398,182,2025-01-29 11:32:02.362614,sitting
-3536,-191,1658,-1312,-626,141,2025-01-29 11:32:02.362614,sitting
-3560,-269,1699,-1562,-625,-189,2025-01-29 11:32:02.378245,sitting
-3496,-394,1636,-1545,-607,-556,2025-01-29 11:32:02.393862,sitting
-3265,-385,1600,-1519,-16,-465,2025-01-29 11:32:02.409599,sitting
-3190,-372,1590,-1595,483,58,2025-01-29 11:32:02.425108,sitting
-3318,-319,1548,-1746,751,596,2025-01-29 11:32:02.456372,sitting
-3475,-279,1634,-1796,798,688,2025-01-29 11:32:02.456372,sitting
-3525,-165,1601,-2068,916,645,2025-01-29 11:32:02.471993,sitting
-3527,-134,1432,-2256,905,730,2025-01-29 11:32:02.503242,sitting
-3480,-124,1333,-2196,770,724,2025-01-29 11:32:02.518867,sitting
-3436,-124,1352,-2252,857,773,2025-01-29 11:32:02.534523,sitting
-3460,-156,1404,-2309,895,722,2025-01-29 11:32:02.550120,sitting
-3452,-210,1500,-2517,723,679,2025-01-29 11:32:02.565743,sitting
-3435,-224,1521,-2702,794,598,2025-01-29 11:32:02.586607,sitting
-3422,-223,1414,-2584,1023,692,2025-01-29 11:32:02.597356,sitting
-3399,-188,1389,-2502,1306,906,2025-01-29 11:32:02.613014,sitting
-3589,-159,1421,-2689,1287,929,2025-01-29 11:32:02.628622,sitting
-3758,-205,1260,-2769,472,718,2025-01-29 11:32:02.644253,sitting
-3755,-214,1191,-2634,-298,410,2025-01-29 11:32:02.659900,sitting
-3676,-244,1231,-2586,-632,179,2025-01-29 11:32:02.675519,sitting
-3542,-247,1182,-2635,-833,177,2025-01-29 11:32:02.691125,sitting
-3548,-228,1175,-2518,-779,294,2025-01-29 11:32:02.706750,sitting
-3666,-145,1262,-2389,-845,347,2025-01-29 11:32:02.722402,sitting
-3699,-143,1282,-2262,-1091,294,2025-01-29 11:32:02.738001,sitting
-3542,-234,1332,-2113,-1186,248,2025-01-29 11:32:02.769266,sitting
-3366,-385,1361,-1878,-948,381,2025-01-29 11:32:02.769266,sitting
-3251,-419,1420,-1762,-494,591,2025-01-29 11:32:02.800505,sitting
-3404,-444,1393,-1707,10,710,2025-01-29 11:32:02.800505,sitting
-3626,-400,1401,-1637,-161,726,2025-01-29 11:32:02.816130,sitting
-3834,-361,1406,-1555,-812,467,2025-01-29 11:32:02.831758,sitting
-3793,-361,1480,-1474,-1587,-51,2025-01-29 11:32:02.862998,sitting
-3470,-416,1581,-1268,-2004,-374,2025-01-29 11:32:02.878635,sitting
-3098,-479,1684,-1152,-1699,-289,2025-01-29 11:32:02.896185,sitting
-2966,-443,1774,-1142,-717,-110,2025-01-29 11:32:02.925461,sitting
-3109,-450,1719,-1173,57,46,2025-01-29 11:32:02.925461,sitting
-3331,-459,1650,-1063,545,72,2025-01-29 11:32:02.956716,sitting
-3531,-446,1662,-901,595,107,2025-01-29 11:32:02.956716,sitting
-3664,-401,1581,-731,195,87,2025-01-29 11:32:02.972357,sitting
-3549,-315,1599,-699,-78,-54,2025-01-29 11:32:02.987988,sitting
-3355,-322,1612,-698,-56,-181,2025-01-29 11:32:03.003583,sitting
-3309,-334,1572,-687,355,-252,2025-01-29 11:32:03.019204,sitting
-3369,-325,1585,-614,741,-270,2025-01-29 11:32:03.034862,sitting
-3461,-354,1561,-468,1005,-162,2025-01-29 11:32:03.050461,sitting
-3480,-330,1464,-337,1205,-26,2025-01-29 11:32:03.066086,sitting
-3540,-326,1395,-219,1153,-88,2025-01-29 11:32:03.092761,sitting
-3591,-287,1387,-86,689,-205,2025-01-29 11:32:03.113413,sitting
-3628,-267,1443,-130,166,-433,2025-01-29 11:32:03.144665,sitting
-3562,-284,1463,-183,-125,-628,2025-01-29 11:32:03.144665,sitting
-3426,-348,1435,2,-57,-624,2025-01-29 11:32:03.144665,sitting
-3407,-377,1457,190,14,-577,2025-01-29 11:32:03.160287,sitting
-3396,-411,1486,355,-58,-541,2025-01-29 11:32:03.175943,sitting
-3437,-401,1527,454,-117,-523,2025-01-29 11:32:03.191549,sitting
-3509,-359,1455,405,-170,-526,2025-01-29 11:32:03.207160,sitting
-3580,-340,1400,621,-287,-595,2025-01-29 11:32:03.239416,sitting
-3557,-334,1472,897,-371,-601,2025-01-29 11:32:03.254677,sitting
-3543,-373,1554,977,-508,-764,2025-01-29 11:32:03.270355,sitting
-3422,-384,1634,844,-683,-1032,2025-01-29 11:32:03.285976,sitting
-3316,-456,1615,853,-620,-1157,2025-01-29 11:32:03.301686,sitting
-3310,-482,1549,1062,-258,-1062,2025-01-29 11:32:03.317205,sitting
-3364,-448,1512,1457,75,-843,2025-01-29 11:32:03.332823,sitting
-3431,-388,1511,1788,-34,-697,2025-01-29 11:32:03.348450,sitting
-3449,-329,1564,1853,-195,-633,2025-01-29 11:32:03.364085,sitting
-3453,-276,1661,1670,-336,-684,2025-01-29 11:32:03.379698,sitting
-3417,-267,1709,1248,-524,-917,2025-01-29 11:32:03.395334,sitting
-3397,-327,1635,1049,-330,-1158,2025-01-29 11:32:03.410982,sitting
-3431,-373,1585,1226,-267,-1240,2025-01-29 11:32:03.426602,sitting
-3377,-337,1591,1465,-188,-1178,2025-01-29 11:32:03.442230,sitting
-3321,-286,1661,1543,60,-934,2025-01-29 11:32:03.457854,sitting
-3377,-214,1606,1381,269,-770,2025-01-29 11:32:03.489101,sitting
-3470,-200,1605,1174,221,-835,2025-01-29 11:32:03.489101,sitting
-3464,-221,1591,1041,-62,-1035,2025-01-29 11:32:03.520386,sitting
-3441,-264,1645,967,-175,-1181,2025-01-29 11:32:03.536008,sitting
-3349,-276,1648,942,-92,-1143,2025-01-29 11:32:03.551715,sitting
-3302,-244,1607,1028,50,-952,2025-01-29 11:32:03.569659,sitting
-3348,-192,1602,1018,174,-787,2025-01-29 11:32:03.583549,sitting
-3423,-155,1662,853,137,-757,2025-01-29 11:32:03.599588,sitting
-3430,-184,1687,549,43,-837,2025-01-29 11:32:03.615242,sitting
-3429,-237,1657,306,47,-1003,2025-01-29 11:32:03.630854,sitting
-3451,-280,1712,87,-300,-1152,2025-01-29 11:32:03.646481,sitting
-3326,-328,1697,58,-368,-1087,2025-01-29 11:32:03.662109,sitting
-3279,-368,1664,215,143,-818,2025-01-29 11:32:03.677736,sitting
-3380,-291,1714,247,519,-591,2025-01-29 11:32:03.693667,
-3476,-220,1689,-23,376,-647,2025-01-29 11:32:03.708981,sitting
-3449,-176,1698,-474,149,-817,2025-01-29 11:32:03.724601,sitting
-3423,-185,1664,-719,-101,-973,2025-01-29 11:32:03.740344,sitting
-3394,-266,1629,-622,-361,-1026,2025-01-29 11:32:03.755864,sitting
-3325,-324,1640,-471,-213,-942,2025-01-29 11:32:03.771490,sitting
-3257,-328,1693,-446,87,-775,2025-01-29 11:32:03.787148,sitting
-3248,-325,1754,-540,278,-517,2025-01-29 11:32:03.802747,sitting
-3316,-265,1799,-885,584,-370,2025-01-29 11:32:03.833990,sitting
-3381,-277,1704,-1087,816,-398,2025-01-29 11:32:03.849604,sitting
-3470,-323,1570,-1037,824,-576,2025-01-29 11:32:03.849604,sitting
-3530,-393,1493,-863,330,-584,2025-01-29 11:32:03.880854,sitting
-3499,-370,1535,-800,-97,-549,2025-01-29 11:32:03.896479,sitting
-3356,-350,1497,-826,80,-414,2025-01-29 11:32:03.912111,sitting
-3299,-342,1557,-883,519,-288,2025-01-29 11:32:03.927729,sitting
-3358,-319,1550,-1135,722,-185,2025-01-29 11:32:03.959094,sitting
-3422,-299,1546,-1250,583,-88,2025-01-29 11:32:03.959094,sitting
-3574,-344,1605,-1377,274,-141,2025-01-29 11:32:03.974631,sitting
-3586,-401,1504,-1440,-42,-294,2025-01-29 11:32:03.990345,sitting
-3427,-377,1467,-1162,-213,-326,2025-01-29 11:32:04.005887,sitting
-3302,-394,1553,-945,-163,-115,2025-01-29 11:32:04.021501,sitting
-3237,-360,1739,-1075,154,75,2025-01-29 11:32:04.052766,sitting
-3344,-408,1739,-1461,372,196,2025-01-29 11:32:04.052766,sitting
-3433,-405,1597,-1516,245,330,2025-01-29 11:32:04.068365,sitting
-3567,-429,1579,-1455,-192,321,2025-01-29 11:32:04.093535,sitting
-3505,-392,1644,-1553,-544,166,2025-01-29 11:32:04.100047,sitting
-3366,-362,1635,-1605,-580,201,2025-01-29 11:32:04.115695,sitting
-3282,-414,1670,-1618,-444,294,2025-01-29 11:32:04.146990,sitting
-3252,-424,1599,-1681,-228,456,2025-01-29 11:32:04.150286,sitting
-3293,-397,1597,-1690,-15,711,2025-01-29 11:32:04.162806,sitting
-3426,-373,1631,-1804,129,776,2025-01-29 11:32:04.194091,sitting
-3500,-334,1658,-1996,210,666,2025-01-29 11:32:04.209715,sitting
-3485,-359,1601,-2114,61,545,2025-01-29 11:32:04.225356,sitting
-3402,-425,1597,-2078,-144,561,2025-01-29 11:32:04.240962,sitting
-3351,-432,1580,-2030,-84,627,2025-01-29 11:32:04.256589,sitting
-3337,-413,1585,-1987,41,814,2025-01-29 11:32:04.272229,sitting
-3375,-346,1625,-1996,95,901,2025-01-29 11:32:04.287833,sitting
-3401,-320,1650,-2148,112,842,2025-01-29 11:32:04.303454,sitting
-3402,-358,1659,-2319,179,727,2025-01-29 11:32:04.319079,sitting
-3368,-397,1634,-2370,198,689,2025-01-29 11:32:04.334727,sitting
-3371,-465,1575,-2257,120,748,2025-01-29 11:32:04.350334,sitting
-3411,-453,1603,-2099,89,782,2025-01-29 11:32:04.365970,sitting
-3399,-405,1619,-2019,147,765,2025-01-29 11:32:04.397216,sitting
-3424,-404,1626,-2057,180,576,2025-01-29 11:32:04.397216,sitting
-3419,-435,1558,-2025,115,421,2025-01-29 11:32:04.420876,sitting
-3416,-479,1544,-1755,-59,393,2025-01-29 11:32:04.428539,sitting
-3352,-455,1599,-1524,46,552,2025-01-29 11:32:04.444185,sitting
-3420,-434,1620,-1528,266,624,2025-01-29 11:32:04.475461,sitting
-3372,-449,1547,-1377,619,587,2025-01-29 11:32:04.491084,sitting
-3212,-444,1623,-1185,1377,598,2025-01-29 11:32:04.506682,sitting
-3180,-502,1681,-1205,2131,633,2025-01-29 11:32:04.522309,sitting
-3143,-581,1584,-750,3126,687,2025-01-29 11:32:04.537936,sitting
-3053,-553,1571,-178,5067,951,2025-01-29 11:32:04.553562,sitting
-3098,-469,1438,151,7104,1357,2025-01-29 11:32:04.569181,sitting
-3421,-283,1276,204,7479,1860,2025-01-29 11:32:04.584820,sitting
-3792,-208,1281,33,6410,1622,2025-01-29 11:32:04.600866,sitting
-4013,-168,1347,-666,4791,626,2025-01-29 11:32:04.616532,sitting
-3954,-271,1217,-1094,3056,-309,2025-01-29 11:32:04.632133,sitting
-3729,-383,1169,-1221,1661,-709,2025-01-29 11:32:04.647754,sitting
-3449,-472,1103,-1197,2008,-561,2025-01-29 11:32:04.663377,sitting
-3464,-445,1034,-1178,2520,106,2025-01-29 11:32:04.694633,sitting
-3888,-302,1055,-1279,1416,578,2025-01-29 11:32:04.694633,sitting
-4106,-222,1139,-1167,173,173,2025-01-29 11:32:04.710263,sitting
-3941,-279,1240,-1017,-592,-695,2025-01-29 11:32:04.725889,sitting
-3312,-403,1283,-726,-333,-739,2025-01-29 11:32:04.741501,sitting
-2920,-480,1345,-549,1019,-134,2025-01-29 11:32:04.757141,sitting
-2942,-469,1379,-613,2447,629,2025-01-29 11:32:04.772767,sitting
-3316,-355,1276,-881,2595,1327,2025-01-29 11:32:04.788381,sitting
-3694,-290,1128,-794,2180,1548,2025-01-29 11:32:04.804003,sitting
-3936,-290,1251,-556,1624,1423,2025-01-29 11:32:04.835261,sitting
-4012,-286,1489,-684,1083,852,2025-01-29 11:32:04.850992,sitting
-3847,-320,1626,-975,682,123,2025-01-29 11:32:04.866516,sitting
-3379,-308,1573,-1093,721,-91,2025-01-29 11:32:04.882131,sitting
-3114,-337,1471,-877,1933,192,2025-01-29 11:32:04.897754,sitting
-3233,-333,1345,-452,2796,627,2025-01-29 11:32:04.913386,sitting
-3441,-382,1200,204,2901,768,2025-01-29 11:32:04.929005,sitting
-3654,-337,1315,752,2948,793,2025-01-29 11:32:04.944632,sitting
-3729,-292,1398,699,2784,551,2025-01-29 11:32:04.960302,sitting
-3751,-215,1267,445,3081,305,2025-01-29 11:32:04.975994,sitting
-3722,-211,1072,286,3402,-46,2025-01-29 11:32:04.991518,sitting
-3694,-182,906,190,3737,-104,2025-01-29 11:32:05.007238,sitting
-3746,-184,817,195,3149,16,2025-01-29 11:32:05.022764,sitting
-3711,-206,772,302,2499,311,2025-01-29 11:32:05.054128,sitting
-3636,-211,789,185,2534,340,2025-01-29 11:32:05.069987,sitting
-3680,-272,746,19,2520,268,2025-01-29 11:32:05.069987,sitting
-3739,-213,766,-107,1798,245,2025-01-29 11:32:05.101327,sitting
-3854,-175,761,-55,685,340,2025-01-29 11:32:05.116984,sitting
-4020,-171,850,78,-285,233,2025-01-29 11:32:05.148639,sitting
-4004,-224,1017,-101,-1066,-57,2025-01-29 11:32:05.148639,sitting
-3661,-241,998,-424,-1596,-45,2025-01-29 11:32:05.164262,sitting
-3574,-286,767,-431,-1345,-87,2025-01-29 11:32:05.211140,sitting
-3510,-252,685,53,-1229,-159,2025-01-29 11:32:05.211140,sitting
-3543,-209,712,479,-925,-57,2025-01-29 11:32:05.211140,sitting
-3701,-85,833,628,-380,137,2025-01-29 11:32:05.226759,sitting
-3945,-37,958,264,21,205,2025-01-29 11:32:05.226759,sitting
-4091,-50,907,-433,191,54,2025-01-29 11:32:05.242384,sitting
-3959,-114,595,-716,-344,-139,2025-01-29 11:32:05.273640,sitting
-3761,-140,532,-532,-1112,-323,2025-01-29 11:32:05.273640,sitting
-3477,-152,663,-391,-1042,-265,2025-01-29 11:32:05.304915,sitting
-3420,-184,801,-128,-325,256,2025-01-29 11:32:05.320670,sitting
-3638,-99,865,-10,623,657,2025-01-29 11:32:05.320670,
